Bridge Rank,edge_u,edge_v,u_lon,u_lat,v_lon,v_lat,strike_frequency,Gauge,Total trips,Intact trips,Rerouted trips,Blocked trips,Reroute rate,Blocked rate,Avg detour (mi),Avg delay (min)
1,"(0.1494439, 52.5181803)","(0.1493473, 52.5182492)",0.1494439,52.5181803,0.1493473,52.5182492,62,GAUGE 6,5211,5025,186,0,0.035693724812895795,0.0,0.0004447068179901191,3.053763440860215
1,"(0.1494439, 52.5181803)","(0.1493473, 52.5182492)",0.1494439,52.5181803,0.1493473,52.5182492,62,GAUGE 10,864,864,0,0,0.0,0.0,0.0,0.0
2,"(0.2672658, 52.3913863)","(0.2673574, 52.3914634)",0.2672658,52.3913863,0.2673574,52.3914634,56,GAUGE 6,5211,5190,21,0,0.004029936672423719,0.0,0.6593512784934594,5.9523809523809526
2,"(0.2672658, 52.3913863)","(0.2673574, 52.3914634)",0.2672658,52.3913863,0.2673574,52.3914634,56,GAUGE 10,864,864,0,0,0.0,0.0,0.0,0.0
3,"(1.0588195, 52.1502955)","(1.0589468, 52.1502251)",1.0588195,52.1502955,1.0589468,52.1502251,56,GAUGE 6,5211,5209,2,0,0.00038380349261178274,0.0,0.0,9.0
3,"(1.0588195, 52.1502955)","(1.0589468, 52.1502251)",1.0588195,52.1502955,1.0589468,52.1502251,56,GAUGE 10,864,864,0,0,0.0,0.0,0.0,0.0
4,"(-0.2194869, 51.412713)","(-0.2192921, 51.4128182)",-0.2194869,51.412713,-0.2192921,51.4128182,55,GAUGE 6,5211,5210,1,0,0.00019190174630589137,0.0,0.03517848595487649,6.0
4,"(-0.2194869, 51.412713)","(-0.2192921, 51.4128182)",-0.2194869,51.412713,-0.2192921,51.4128182,55,GAUGE 10,864,864,0,0,0.0,0.0,0.0,0.0
5,"(-1.4028538, 52.5305745)","(-1.4025963, 52.5306182)",-1.4028538,52.5305745,-1.4025963,52.5306182,47,GAUGE 6,5211,5208,3,0,0.0005757052389176742,0.0,0.16825844895882605,0.0
5,"(-1.4028538, 52.5305745)","(-1.4025963, 52.5306182)",-1.4028538,52.5305745,-1.4025963,52.5306182,47,GAUGE 10,864,864,0,0,0.0,0.0,0.0,0.0
6,"(-0.6459618, 52.9089871)","(-0.646445, 52.909574)",-0.6459618,52.9089871,-0.646445,52.909574,47,GAUGE 6,5211,5211,0,0,0.0,0.0,0.0,0.0
6,"(-0.6459618, 52.9089871)","(-0.646445, 52.909574)",-0.6459618,52.9089871,-0.646445,52.909574,47,GAUGE 10,864,864,0,0,0.0,0.0,0.0,0.0
7,"(-1.6411123, 52.3958734)","(-1.6412852, 52.3959279)",-1.6411123,52.3958734,-1.6412852,52.3959279,42,GAUGE 6,5211,5209,2,0,0.00038380349261178274,0.0,7.449336565963245,46.0
7,"(-1.6411123, 52.3958734)","(-1.6412852, 52.3959279)",-1.6411123,52.3958734,-1.6412852,52.3959279,42,GAUGE 10,864,862,0,2,0.0,0.0023148148148148147,0.0,0.0
8,"(0.7427427, 52.419454)","(0.7425315, 52.4194864)",0.7427427,52.419454,0.7425315,52.4194864,42,GAUGE 6,5211,5210,1,0,0.00019190174630589137,0.0,0.020417034839283588,2.0
8,"(0.7427427, 52.419454)","(0.7425315, 52.4194864)",0.7427427,52.419454,0.7425315,52.4194864,42,GAUGE 10,864,864,0,0,0.0,0.0,0.0,0.0
9,"(-0.0380559, 51.4651119)","(-0.0382388, 51.4651103)",-0.0380559,51.4651119,-0.0382388,51.4651103,38,GAUGE 6,5211,5182,29,0,0.00556515064287085,0.0,1.1295074165487293,11.482758620689655
9,"(-0.0380559, 51.4651119)","(-0.0382388, 51.4651103)",-0.0380559,51.4651119,-0.0382388,51.4651103,38,GAUGE 10,864,864,0,0,0.0,0.0,0.0,0.0
10,"(-1.8603927, 51.0851719)","(-1.8601406, 51.0851938)",-1.8603927,51.0851719,-1.8601406,51.0851938,34,GAUGE 6,5211,5209,2,0,0.00038380349261178274,0.0,31.216152807505573,93.5
10,"(-1.8603927, 51.0851719)","(-1.8601406, 51.0851938)",-1.8603927,51.0851719,-1.8601406,51.0851938,34,GAUGE 10,864,864,0,0,0.0,0.0,0.0,0.0
11,"(-1.6231403, 53.52654)","(-1.6232813, 53.5268333)",-1.6231403,53.52654,-1.6232813,53.5268333,34,GAUGE 6,5211,5211,0,0,0.0,0.0,0.0,0.0
11,"(-1.6231403, 53.52654)","(-1.6232813, 53.5268333)",-1.6231403,53.52654,-1.6232813,53.5268333,34,GAUGE 10,864,864,0,0,0.0,0.0,0.0,0.0
12,"(-1.9231717, 53.3387888)","(-1.9230385, 53.3387105)",-1.9231717,53.3387888,-1.9230385,53.3387105,29,GAUGE 6,5211,5211,0,0,0.0,0.0,0.0,0.0
12,"(-1.9231717, 53.3387888)","(-1.9230385, 53.3387105)",-1.9231717,53.3387888,-1.9230385,53.3387105,29,GAUGE 10,864,864,0,0,0.0,0.0,0.0,0.0
13,"(-2.3964739, 53.5196823)","(-2.3969409, 53.5196547)",-2.3964739,53.5196823,-2.3969409,53.5196547,29,GAUGE 6,5211,5204,7,0,0.0013433122241412398,0.0,0.10603474151412229,0.0
13,"(-2.3964739, 53.5196823)","(-2.3969409, 53.5196547)",-2.3964739,53.5196823,-2.3969409,53.5196547,29,GAUGE 10,864,864,0,0,0.0,0.0,0.0,0.0
14,"(1.0484137, 51.9495024)","(1.0482816, 51.949485)",1.0484137,51.9495024,1.0482816,51.949485,26,GAUGE 6,5211,5090,121,0,0.023220111303012856,0.0,13.661689980336794,20.570247933884296
14,"(1.0484137, 51.9495024)","(1.0482816, 51.949485)",1.0484137,51.9495024,1.0482816,51.949485,26,GAUGE 10,864,861,3,0,0.003472222222222222,0.0,28.41488441597548,89.66666666666667
15,"(-0.0368885, 51.5467932)","(-0.0371291, 51.5468163)",-0.0368885,51.5467932,-0.0371291,51.5468163,25,GAUGE 6,5211,5205,6,0,0.0011514104778353484,0.0,1.1686821460620649,10.833333333333334
15,"(-0.0368885, 51.5467932)","(-0.0371291, 51.5468163)",-0.0368885,51.5467932,-0.0371291,51.5468163,25,GAUGE 10,864,850,0,14,0.0,0.016203703703703703,0.0,0.0
16,"(-0.6482837, 52.9156636)","(-0.6482671, 52.9154098)",-0.6482837,52.9156636,-0.6482671,52.9154098,25,GAUGE 6,5211,5123,88,0,0.01688735367491844,0.0,0.0005537461155013675,2.8068181818181817
16,"(-0.6482837, 52.9156636)","(-0.6482671, 52.9154098)",-0.6482837,52.9156636,-0.6482671,52.9154098,25,GAUGE 10,864,848,16,0,0.018518518518518517,0.0,0.0032486438777326043,3.0
17,"(-1.319709, 53.6305004)","(-1.3199473, 53.6295989)",-1.319709,53.6305004,-1.3199473,53.6295989,25,GAUGE 6,5211,5210,1,0,0.00019190174630589137,0.0,12.219106094550511,40.0
17,"(-1.319709, 53.6305004)","(-1.3199473, 53.6295989)",-1.319709,53.6305004,-1.3199473,53.6295989,25,GAUGE 10,864,864,0,0,0.0,0.0,0.0,0.0
18,"(-0.2789314, 51.3771369)","(-0.2784477, 51.3773868)",-0.2789314,51.3771369,-0.2784477,51.3773868,24,GAUGE 6,5211,5209,2,0,0.00038380349261178274,0.0,3.525674277011632,12.0
18,"(-0.2789314, 51.3771369)","(-0.2784477, 51.3773868)",-0.2789314,51.3771369,-0.2784477,51.3773868,24,GAUGE 10,864,864,0,0,0.0,0.0,0.0,0.0
19,"(0.005602, 51.44533)","(0.0054205, 51.445524)",0.005602,51.44533,0.0054205,51.445524,22,GAUGE 6,5211,5210,1,0,0.00019190174630589137,0.0,0.0,3.0
19,"(0.005602, 51.44533)","(0.0054205, 51.445524)",0.005602,51.44533,0.0054205,51.445524,22,GAUGE 10,864,864,0,0,0.0,0.0,0.0,0.0
20,"(-0.3981858, 51.5567773)","(-0.3979008, 51.5566891)",-0.3981858,51.5567773,-0.3979008,51.5566891,21,GAUGE 6,5211,5211,0,0,0.0,0.0,0.0,0.0
20,"(-0.3981858, 51.5567773)","(-0.3979008, 51.5566891)",-0.3981858,51.5567773,-0.3979008,51.5566891,21,GAUGE 10,864,864,0,0,0.0,0.0,0.0,0.0
21,"(-3.0312211, 53.0965175)","(-3.0309994, 53.0980428)",-3.0312211,53.0965175,-3.0309994,53.0980428,21,GAUGE 6,5211,5209,2,0,0.00038380349261178274,0.0,0.25663162096091696,0.0
21,"(-3.0312211, 53.0965175)","(-3.0309994, 53.0980428)",-3.0312211,53.0965175,-3.0309994,53.0980428,21,GAUGE 10,864,864,0,0,0.0,0.0,0.0,0.0
22,"(-2.6412043, 53.5461984)","(-2.6410916, 53.5461599)",-2.6412043,53.5461984,-2.6410916,53.5461599,21,GAUGE 6,5211,5208,0,3,0.0,0.0005757052389176742,0.0,0.0
22,"(-2.6412043, 53.5461984)","(-2.6410916, 53.5461599)",-2.6412043,53.5461984,-2.6410916,53.5461599,21,GAUGE 10,864,864,0,0,0.0,0.0,0.0,0.0
23,"(0.4918447, 51.3968018)","(0.4921066, 51.3968715)",0.4918447,51.3968018,0.4921066,51.3968715,20,GAUGE 6,5211,5198,13,0,0.002494722701976588,0.0,0.03882286827626302,7.153846153846154
23,"(0.4918447, 51.3968018)","(0.4921066, 51.3968715)",0.4918447,51.3968018,0.4921066,51.3968715,20,GAUGE 10,864,864,0,0,0.0,0.0,0.0,0.0
24,"(-4.4433752, 55.8525409)","(-4.4430116, 55.8523815)",-4.4433752,55.8525409,-4.4430116,55.8523815,20,GAUGE 6,5211,5211,0,0,0.0,0.0,0.0,0.0
24,"(-4.4433752, 55.8525409)","(-4.4430116, 55.8523815)",-4.4433752,55.8525409,-4.4430116,55.8523815,20,GAUGE 10,864,864,0,0,0.0,0.0,0.0,0.0
25,"(1.0663482, 51.3602175)","(1.0665232, 51.3602315)",1.0663482,51.3602175,1.0665232,51.3602315,20,GAUGE 6,5211,5208,3,0,0.0005757052389176742,0.0,0.0,3.0
25,"(1.0663482, 51.3602175)","(1.0665232, 51.3602315)",1.0663482,51.3602175,1.0665232,51.3602315,20,GAUGE 10,864,864,0,0,0.0,0.0,0.0,0.0
26,"(-1.5646997, 52.853118)","(-1.5651247, 52.8529463)",-1.5646997,52.853118,-1.5651247,52.8529463,19,GAUGE 6,5211,5211,0,0,0.0,0.0,0.0,0.0
26,"(-1.5646997, 52.853118)","(-1.5651247, 52.8529463)",-1.5646997,52.853118,-1.5651247,52.8529463,19,GAUGE 10,864,864,0,0,0.0,0.0,0.0,0.0
27,"(-1.3130076, 53.5001322)","(-1.3131356, 53.5003558)",-1.3130076,53.5001322,-1.3131356,53.5003558,19,GAUGE 6,5211,5203,8,0,0.001535213970447131,0.0,0.002639502804218097,3.5
27,"(-1.3130076, 53.5001322)","(-1.3131356, 53.5003558)",-1.3130076,53.5001322,-1.3131356,53.5003558,19,GAUGE 10,864,864,0,0,0.0,0.0,0.0,0.0
28,"(-2.6229852, 53.436376)","(-2.6222838, 53.4327109)",-2.6229852,53.436376,-2.6222838,53.4327109,19,GAUGE 6,5211,5151,60,0,0.011514104778353483,0.0,0.1380019809423344,0.26666666666666666
28,"(-2.6229852, 53.436376)","(-2.6222838, 53.4327109)",-2.6229852,53.436376,-2.6222838,53.4327109,19,GAUGE 10,864,838,26,0,0.03009259259259259,0.0,0.13808845660211644,0.9230769230769231
29,"(-0.584243, 51.2481766)","(-0.5842412, 51.2479681)",-0.584243,51.2481766,-0.5842412,51.2479681,19,GAUGE 6,5211,5211,0,0,0.0,0.0,0.0,0.0
29,"(-0.584243, 51.2481766)","(-0.5842412, 51.2479681)",-0.584243,51.2481766,-0.5842412,51.2479681,19,GAUGE 10,864,864,0,0,0.0,0.0,0.0,0.0
30,"(-0.1040378, 51.4406752)","(-0.1039498, 51.4407584)",-0.1040378,51.4406752,-0.1039498,51.4407584,19,GAUGE 6,5211,5208,3,0,0.0005757052389176742,0.0,0.0033183395081337608,2.0
30,"(-0.1040378, 51.4406752)","(-0.1039498, 51.4407584)",-0.1040378,51.4406752,-0.1039498,51.4407584,19,GAUGE 10,864,864,0,0,0.0,0.0,0.0,0.0
31,"(-1.8034799, 51.0707747)","(-1.8037894, 51.0707145)",-1.8034799,51.0707747,-1.8037894,51.0707145,18,GAUGE 6,5211,5209,2,0,0.00038380349261178274,0.0,20.868206115283886,82.0
31,"(-1.8034799, 51.0707747)","(-1.8037894, 51.0707145)",-1.8034799,51.0707747,-1.8037894,51.0707145,18,GAUGE 10,864,864,0,0,0.0,0.0,0.0,0.0
32,"(-2.0268927, 50.7230123)","(-2.021195, 50.7240409)",-2.0268927,50.7230123,-2.021195,50.7240409,18,GAUGE 6,5211,5211,0,0,0.0,0.0,0.0,0.0
32,"(-2.0268927, 50.7230123)","(-2.021195, 50.7240409)",-2.0268927,50.7230123,-2.021195,50.7240409,18,GAUGE 10,864,864,0,0,0.0,0.0,0.0,0.0
33,"(0.1895671, 52.062707)","(0.2006799, 52.0545464)",0.1895671,52.062707,0.2006799,52.0545464,18,GAUGE 6,5211,5211,0,0,0.0,0.0,0.0,0.0
33,"(0.1895671, 52.062707)","(0.2006799, 52.0545464)",0.1895671,52.062707,0.2006799,52.0545464,18,GAUGE 10,864,864,0,0,0.0,0.0,0.0,0.0
34,"(-1.0810897, 52.700984)","(-1.0808309, 52.7012047)",-1.0810897,52.700984,-1.0808309,52.7012047,18,GAUGE 6,5211,5081,130,0,0.02494722701976588,0.0,0.06242814720083893,4.9
34,"(-1.0810897, 52.700984)","(-1.0808309, 52.7012047)",-1.0810897,52.700984,-1.0808309,52.7012047,18,GAUGE 10,864,864,0,0,0.0,0.0,0.0,0.0
35,"(-1.5052138, 53.6691694)","(-1.5049933, 53.6693048)",-1.5052138,53.6691694,-1.5049933,53.6693048,17,GAUGE 6,5211,5173,38,0,0.007292266359623873,0.0,0.2251321785828799,20.68421052631579
35,"(-1.5052138, 53.6691694)","(-1.5049933, 53.6693048)",-1.5052138,53.6691694,-1.5049933,53.6693048,17,GAUGE 10,864,864,0,0,0.0,0.0,0.0,0.0
36,"(0.2223299, 51.4471062)","(0.2205204, 51.4472346)",0.2223299,51.4471062,0.2205204,51.4472346,17,GAUGE 6,5211,5211,0,0,0.0,0.0,0.0,0.0
36,"(0.2223299, 51.4471062)","(0.2205204, 51.4472346)",0.2223299,51.4471062,0.2205204,51.4472346,17,GAUGE 10,864,864,0,0,0.0,0.0,0.0,0.0
37,"(-1.2004562, 53.1616721)","(-1.2003512, 53.1615494)",-1.2004562,53.1616721,-1.2003512,53.1615494,17,GAUGE 6,5211,5211,0,0,0.0,0.0,0.0,0.0
37,"(-1.2004562, 53.1616721)","(-1.2003512, 53.1615494)",-1.2004562,53.1616721,-1.2003512,53.1615494,17,GAUGE 10,864,864,0,0,0.0,0.0,0.0,0.0
38,"(0.3691197, 51.6583556)","(0.3413934, 51.6397804)",0.3691197,51.6583556,0.3413934,51.6397804,17,GAUGE 6,5211,5205,6,0,0.0011514104778353484,0.0,18.45551512067574,46.5
38,"(0.3691197, 51.6583556)","(0.3413934, 51.6397804)",0.3691197,51.6583556,0.3413934,51.6397804,17,GAUGE 10,864,861,3,0,0.003472222222222222,0.0,27.916308262068146,74.33333333333333
39,"(0.2810513, 51.1530238)","(0.2807869, 51.1527943)",0.2810513,51.1530238,0.2807869,51.1527943,17,GAUGE 6,5211,5209,2,0,0.00038380349261178274,0.0,0.9550487560523209,8.0
39,"(0.2810513, 51.1530238)","(0.2807869, 51.1527943)",0.2810513,51.1530238,0.2807869,51.1527943,17,GAUGE 10,864,864,0,0,0.0,0.0,0.0,0.0
40,"(-0.5117721, 51.4304147)","(-0.5104301, 51.4308964)",-0.5117721,51.4304147,-0.5104301,51.4308964,17,GAUGE 6,5211,5211,0,0,0.0,0.0,0.0,0.0
40,"(-0.5117721, 51.4304147)","(-0.5104301, 51.4308964)",-0.5117721,51.4304147,-0.5104301,51.4308964,17,GAUGE 10,864,864,0,0,0.0,0.0,0.0,0.0
41,"(-0.0324486, 51.4280553)","(-0.0325053, 51.4279154)",-0.0324486,51.4280553,-0.0325053,51.4279154,16,GAUGE 6,5211,5211,0,0,0.0,0.0,0.0,0.0
41,"(-0.0324486, 51.4280553)","(-0.0325053, 51.4279154)",-0.0324486,51.4280553,-0.0325053,51.4279154,16,GAUGE 10,864,864,0,0,0.0,0.0,0.0,0.0
42,"(-4.4054601, 55.9011302)","(-4.4060193, 55.9013469)",-4.4054601,55.9011302,-4.4060193,55.9013469,16,GAUGE 6,5211,5210,1,0,0.00019190174630589137,0.0,0.7301167431576676,0.0
42,"(-4.4054601, 55.9011302)","(-4.4060193, 55.9013469)",-4.4054601,55.9011302,-4.4060193,55.9013469,16,GAUGE 10,864,863,1,0,0.0011574074074074073,0.0,0.7301167431576676,0.0
43,"(-1.42392, 53.1030632)","(-1.4238337, 53.1032673)",-1.42392,53.1030632,-1.4238337,53.1032673,16,GAUGE 6,5211,5199,12,0,0.002302820955670697,0.0,0.08234131901056567,2.0
43,"(-1.42392, 53.1030632)","(-1.4238337, 53.1032673)",-1.42392,53.1030632,-1.4238337,53.1032673,16,GAUGE 10,864,864,0,0,0.0,0.0,0.0,0.0
44,"(-4.0403429, 51.6510543)","(-4.0405817, 51.6511485)",-4.0403429,51.6510543,-4.0405817,51.6511485,15,GAUGE 6,5211,5211,0,0,0.0,0.0,0.0,0.0
44,"(-4.0403429, 51.6510543)","(-4.0405817, 51.6511485)",-4.0403429,51.6510543,-4.0405817,51.6511485,15,GAUGE 10,864,864,0,0,0.0,0.0,0.0,0.0
45,"(-2.1322229, 52.989086)","(-2.1325389, 52.9891711)",-2.1322229,52.989086,-2.1325389,52.9891711,15,GAUGE 6,5211,5211,0,0,0.0,0.0,0.0,0.0
45,"(-2.1322229, 52.989086)","(-2.1325389, 52.9891711)",-2.1322229,52.989086,-2.1325389,52.9891711,15,GAUGE 10,864,864,0,0,0.0,0.0,0.0,0.0
46,"(-4.616751, 55.4948329)","(-4.6167013, 55.4949393)",-4.616751,55.4948329,-4.6167013,55.4949393,15,GAUGE 6,5211,5208,3,0,0.0005757052389176742,0.0,37.614494167634604,149.0
46,"(-4.616751, 55.4948329)","(-4.6167013, 55.4949393)",-4.616751,55.4948329,-4.6167013,55.4949393,15,GAUGE 10,864,864,0,0,0.0,0.0,0.0,0.0
47,"(-2.7200857, 53.776669)","(-2.7199712, 53.7764463)",-2.7200857,53.776669,-2.7199712,53.7764463,15,GAUGE 6,5211,5062,149,0,0.028593360199577818,0.0,0.00014293851638900537,4.597315436241611
47,"(-2.7200857, 53.776669)","(-2.7199712, 53.7764463)",-2.7200857,53.776669,-2.7199712,53.7764463,15,GAUGE 10,864,748,116,0,0.13425925925925927,0.0,0.00023367534888125936,4.896551724137931
48,"(-1.1750254, 53.2976931)","(-1.1748245, 53.2978767)",-1.1750254,53.2976931,-1.1748245,53.2978767,15,GAUGE 6,5211,5115,96,0,0.018422567645365574,0.0,0.0,2.0104166666666665
48,"(-1.1750254, 53.2976931)","(-1.1748245, 53.2978767)",-1.1750254,53.2976931,-1.1748245,53.2978767,15,GAUGE 10,864,864,0,0,0.0,0.0,0.0,0.0
49,"(-1.55175, 50.7714401)","(-1.5519661, 50.7715583)",-1.55175,50.7714401,-1.5519661,50.7715583,15,GAUGE 6,5211,5211,0,0,0.0,0.0,0.0,0.0
49,"(-1.55175, 50.7714401)","(-1.5519661, 50.7715583)",-1.55175,50.7714401,-1.5519661,50.7715583,15,GAUGE 10,864,864,0,0,0.0,0.0,0.0,0.0
50,"(-0.8175997, 51.201907)","(-0.8173158, 51.2020205)",-0.8175997,51.201907,-0.8173158,51.2020205,15,GAUGE 6,5211,5211,0,0,0.0,0.0,0.0,0.0
50,"(-0.8175997, 51.201907)","(-0.8173158, 51.2020205)",-0.8175997,51.201907,-0.8173158,51.2020205,15,GAUGE 10,864,864,0,0,0.0,0.0,0.0,0.0
51,"(-0.094895, 50.8588557)","(-0.0949897, 50.858803)",-0.094895,50.8588557,-0.0949897,50.858803,15,GAUGE 6,5211,5211,0,0,0.0,0.0,0.0,0.0
51,"(-0.094895, 50.8588557)","(-0.0949897, 50.858803)",-0.094895,50.8588557,-0.0949897,50.858803,15,GAUGE 10,864,864,0,0,0.0,0.0,0.0,0.0
52,"(-1.4249162, 53.4095417)","(-1.4170243, 53.4147205)",-1.4249162,53.4095417,-1.4170243,53.4147205,15,GAUGE 6,5211,5200,11,0,0.002110919209364805,0.0,6.851344861112032e-05,2.0
52,"(-1.4249162, 53.4095417)","(-1.4170243, 53.4147205)",-1.4249162,53.4095417,-1.4170243,53.4147205,15,GAUGE 10,864,864,0,0,0.0,0.0,0.0,0.0
53,"(-4.7260856, 55.9403174)","(-4.7263647, 55.940403)",-4.7260856,55.9403174,-4.7263647,55.940403,14,GAUGE 6,5211,5211,0,0,0.0,0.0,0.0,0.0
53,"(-4.7260856, 55.9403174)","(-4.7263647, 55.940403)",-4.7260856,55.9403174,-4.7263647,55.940403,14,GAUGE 10,864,864,0,0,0.0,0.0,0.0,0.0
54,"(1.2730271, 51.1485492)","(1.273164, 51.1484429)",1.2730271,51.1485492,1.273164,51.1484429,14,GAUGE 6,5211,5210,1,0,0.00019190174630589137,0.0,18.960863464857663,72.0
54,"(1.2730271, 51.1485492)","(1.273164, 51.1484429)",1.2730271,51.1485492,1.273164,51.1484429,14,GAUGE 10,864,864,0,0,0.0,0.0,0.0,0.0
55,"(-1.7700184, 51.088445)","(-1.7697676, 51.0886093)",-1.7700184,51.088445,-1.7697676,51.0886093,14,GAUGE 6,5211,5210,1,0,0.00019190174630589137,0.0,2.242818395034348,39.0
55,"(-1.7700184, 51.088445)","(-1.7697676, 51.0886093)",-1.7700184,51.088445,-1.7697676,51.0886093,14,GAUGE 10,864,864,0,0,0.0,0.0,0.0,0.0
56,"(-0.328777, 53.7616273)","(-0.3281873, 53.7614118)",-0.328777,53.7616273,-0.3281873,53.7614118,14,GAUGE 6,5211,5211,0,0,0.0,0.0,0.0,0.0
56,"(-0.328777, 53.7616273)","(-0.3281873, 53.7614118)",-0.328777,53.7616273,-0.3281873,53.7614118,14,GAUGE 10,864,864,0,0,0.0,0.0,0.0,0.0
57,"(-0.5394543, 51.4317798)","(-0.5146982, 51.4300409)",-0.5394543,51.4317798,-0.5146982,51.4300409,14,GAUGE 6,5211,5211,0,0,0.0,0.0,0.0,0.0
57,"(-0.5394543, 51.4317798)","(-0.5146982, 51.4300409)",-0.5394543,51.4317798,-0.5146982,51.4300409,14,GAUGE 10,864,864,0,0,0.0,0.0,0.0,0.0
58,"(-0.5419314, 50.8972528)","(-0.5419485, 50.8970586)",-0.5419314,50.8972528,-0.5419485,50.8970586,14,GAUGE 6,5211,5202,9,0,0.0017271157167530224,0.0,0.0,4.666666666666667
58,"(-0.5419314, 50.8972528)","(-0.5419485, 50.8970586)",-0.5419314,50.8972528,-0.5419485,50.8970586,14,GAUGE 10,864,864,0,0,0.0,0.0,0.0,0.0
59,"(-0.723754, 51.258525)","(-0.7237218, 51.2584499)",-0.723754,51.258525,-0.7237218,51.2584499,14,GAUGE 6,5211,5211,0,0,0.0,0.0,0.0,0.0
59,"(-0.723754, 51.258525)","(-0.7237218, 51.2584499)",-0.723754,51.258525,-0.7237218,51.2584499,14,GAUGE 10,864,864,0,0,0.0,0.0,0.0,0.0
60,"(-0.4547146, 51.5734609)","(-0.454486, 51.5734312)",-0.4547146,51.5734609,-0.454486,51.5734312,14,GAUGE 6,5211,5207,4,0,0.0007676069852235655,0.0,63.84091056479136,188.0
60,"(-0.4547146, 51.5734609)","(-0.454486, 51.5734312)",-0.4547146,51.5734609,-0.454486,51.5734312,14,GAUGE 10,864,864,0,0,0.0,0.0,0.0,0.0
61,"(-3.4211422, 56.3900267)","(-3.4262372, 56.3924334)",-3.4211422,56.3900267,-3.4262372,56.3924334,14,GAUGE 6,5211,5203,8,0,0.001535213970447131,0.0,6.196255485736728,77.0
61,"(-3.4211422, 56.3900267)","(-3.4262372, 56.3924334)",-3.4211422,56.3900267,-3.4262372,56.3924334,14,GAUGE 10,864,864,0,0,0.0,0.0,0.0,0.0
62,"(-0.2640739, 51.954112)","(-0.2641567, 51.9541848)",-0.2640739,51.954112,-0.2641567,51.9541848,14,GAUGE 6,5211,5205,6,0,0.0011514104778353484,0.0,1.0060935304848744,7.166666666666667
62,"(-0.2640739, 51.954112)","(-0.2641567, 51.9541848)",-0.2640739,51.954112,-0.2641567,51.9541848,14,GAUGE 10,864,864,0,0,0.0,0.0,0.0,0.0
63,"(-2.4346363, 53.0806943)","(-2.4348205, 53.0806235)",-2.4346363,53.0806943,-2.4348205,53.0806235,13,GAUGE 6,5211,5202,9,0,0.0017271157167530224,0.0,0.2641600659700656,10.11111111111111
63,"(-2.4346363, 53.0806943)","(-2.4348205, 53.0806235)",-2.4346363,53.0806943,-2.4348205,53.0806235,13,GAUGE 10,864,864,0,0,0.0,0.0,0.0,0.0
64,"(-1.2866432, 52.8849451)","(-1.2861641, 52.884942)",-1.2866432,52.8849451,-1.2861641,52.884942,13,GAUGE 6,5211,5157,54,0,0.010362694300518135,0.0,0.13903543420613515,2.759259259259259
64,"(-1.2866432, 52.8849451)","(-1.2861641, 52.884942)",-1.2866432,52.8849451,-1.2861641,52.884942,13,GAUGE 10,864,864,0,0,0.0,0.0,0.0,0.0
65,"(-1.8342638, 52.6598321)","(-1.834012, 52.6600471)",-1.8342638,52.6598321,-1.834012,52.6600471,13,GAUGE 6,5211,5211,0,0,0.0,0.0,0.0,0.0
65,"(-1.8342638, 52.6598321)","(-1.834012, 52.6600471)",-1.8342638,52.6598321,-1.834012,52.6600471,13,GAUGE 10,864,864,0,0,0.0,0.0,0.0,0.0
66,"(-2.1212716, 53.4270854)","(-2.1210088, 53.4269869)",-2.1212716,53.4270854,-2.1210088,53.4269869,13,GAUGE 6,5211,5190,21,0,0.004029936672423719,0.0,0.09899784836211452,1.5238095238095237
66,"(-2.1212716, 53.4270854)","(-2.1210088, 53.4269869)",-2.1212716,53.4270854,-2.1210088,53.4269869,13,GAUGE 10,864,864,0,0,0.0,0.0,0.0,0.0
67,"(-2.0853816, 52.4691352)","(-2.0851185, 52.469111)",-2.0853816,52.4691352,-2.0851185,52.469111,13,GAUGE 6,5211,5208,3,0,0.0005757052389176742,0.0,11.417059336322184,21.666666666666668
67,"(-2.0853816, 52.4691352)","(-2.0851185, 52.469111)",-2.0853816,52.4691352,-2.0851185,52.469111,13,GAUGE 10,864,864,0,0,0.0,0.0,0.0,0.0
68,"(-1.5018364, 53.6716671)","(-1.5016461, 53.6718395)",-1.5018364,53.6716671,-1.5016461,53.6718395,13,GAUGE 6,5211,5173,38,0,0.007292266359623873,0.0,0.2251321785828799,20.68421052631579
68,"(-1.5018364, 53.6716671)","(-1.5016461, 53.6718395)",-1.5018364,53.6716671,-1.5016461,53.6718395,13,GAUGE 10,864,864,0,0,0.0,0.0,0.0,0.0
69,"(-1.7842403, 53.6990726)","(-1.7827979, 53.6988083)",-1.7842403,53.6990726,-1.7827979,53.6988083,12,GAUGE 6,5211,5206,5,0,0.0009595087315294569,0.0,0.0,8.4
69,"(-1.7842403, 53.6990726)","(-1.7827979, 53.6988083)",-1.7842403,53.6990726,-1.7827979,53.6988083,12,GAUGE 10,864,864,0,0,0.0,0.0,0.0,0.0
70,"(-1.6254063, 53.5327081)","(-1.6251917, 53.5322872)",-1.6254063,53.5327081,-1.6251917,53.5322872,12,GAUGE 6,5211,5115,96,0,0.018422567645365574,0.0,0.14704223672279002,0.0
70,"(-1.6254063, 53.5327081)","(-1.6251917, 53.5322872)",-1.6254063,53.5327081,-1.6251917,53.5322872,12,GAUGE 10,864,864,0,0,0.0,0.0,0.0,0.0
71,"(-2.8785377, 51.9392053)","(-2.8785158, 51.939317)",-2.8785377,51.9392053,-2.8785158,51.939317,12,GAUGE 6,5211,5196,15,0,0.0028785261945883708,0.0,0.04331199373180349,2.4
71,"(-2.8785377, 51.9392053)","(-2.8785158, 51.939317)",-2.8785377,51.9392053,-2.8785158,51.939317,12,GAUGE 10,864,864,0,0,0.0,0.0,0.0,0.0
72,"(-1.0035655, 52.2904624)","(-1.0032199, 52.2904769)",-1.0035655,52.2904624,-1.0032199,52.2904769,12,GAUGE 6,5211,5205,6,0,0.0011514104778353484,0.0,1.3207464338466497,4.333333333333333
72,"(-1.0035655, 52.2904624)","(-1.0032199, 52.2904769)",-1.0035655,52.2904624,-1.0032199,52.2904769,12,GAUGE 10,864,861,3,0,0.003472222222222222,0.0,1.9376364274179636,4.666666666666667
73,"(-0.9091594, 52.4747573)","(-0.9092, 52.4748464)",-0.9091594,52.4747573,-0.9092,52.4748464,12,GAUGE 6,5211,5135,76,0,0.014584532719247745,0.0,6.784841446886663,22.06578947368421
73,"(-0.9091594, 52.4747573)","(-0.9092, 52.4748464)",-0.9091594,52.4747573,-0.9092,52.4748464,12,GAUGE 10,864,864,0,0,0.0,0.0,0.0,0.0
74,"(-1.5476917, 54.5131816)","(-1.5476602, 54.5133756)",-1.5476917,54.5131816,-1.5476602,54.5133756,12,GAUGE 6,5211,5198,13,0,0.002494722701976588,0.0,0.06609066389546775,3.8461538461538463
74,"(-1.5476917, 54.5131816)","(-1.5476602, 54.5133756)",-1.5476917,54.5131816,-1.5476602,54.5133756,12,GAUGE 10,864,853,11,0,0.01273148148148148,0.0,0.06610786665951904,4.0
75,"(-0.6375476, 50.830794)","(-0.6373073, 50.8307951)",-0.6375476,50.830794,-0.6373073,50.8307951,12,GAUGE 6,5211,5202,9,0,0.0017271157167530224,0.0,0.0,4.666666666666667
75,"(-0.6375476, 50.830794)","(-0.6373073, 50.8307951)",-0.6375476,50.830794,-0.6373073,50.8307951,12,GAUGE 10,864,864,0,0,0.0,0.0,0.0,0.0
76,"(-0.3395862, 51.3810077)","(-0.3415897, 51.3808328)",-0.3395862,51.3810077,-0.3415897,51.3808328,12,GAUGE 6,5211,5209,2,0,0.00038380349261178274,0.0,0.11519825669518013,6.5
76,"(-0.3395862, 51.3810077)","(-0.3415897, 51.3808328)",-0.3395862,51.3810077,-0.3415897,51.3808328,12,GAUGE 10,864,864,0,0,0.0,0.0,0.0,0.0
77,"(-0.481753, 51.3494403)","(-0.4820245, 51.3493024)",-0.481753,51.3494403,-0.4820245,51.3493024,12,GAUGE 6,5211,5209,2,0,0.00038380349261178274,0.0,0.11519825669518013,6.5
77,"(-0.481753, 51.3494403)","(-0.4820245, 51.3493024)",-0.481753,51.3494403,-0.4820245,51.3493024,12,GAUGE 10,864,864,0,0,0.0,0.0,0.0,0.0
78,"(-2.1711557, 53.5439417)","(-2.1711479, 53.5437584)",-2.1711557,53.5439417,-2.1711479,53.5437584,12,GAUGE 6,5211,5209,2,0,0.00038380349261178274,0.0,5.554301238456313,19.5
78,"(-2.1711557, 53.5439417)","(-2.1711479, 53.5437584)",-2.1711557,53.5439417,-2.1711479,53.5437584,12,GAUGE 10,864,864,0,0,0.0,0.0,0.0,0.0
79,"(-4.5524896, 55.9393424)","(-4.5524046, 55.93924)",-4.5524896,55.9393424,-4.5524046,55.93924,12,GAUGE 6,5211,5211,0,0,0.0,0.0,0.0,0.0
79,"(-4.5524896, 55.9393424)","(-4.5524046, 55.93924)",-4.5524896,55.9393424,-4.5524046,55.93924,12,GAUGE 10,864,864,0,0,0.0,0.0,0.0,0.0
80,"(-3.8271932, 51.6615391)","(-3.8269571, 51.6615408)",-3.8271932,51.6615391,-3.8269571,51.6615408,11,GAUGE 6,5211,5203,8,0,0.001535213970447131,0.0,0.0,7.0
80,"(-3.8271932, 51.6615391)","(-3.8269571, 51.6615408)",-3.8271932,51.6615391,-3.8269571,51.6615408,11,GAUGE 10,864,864,0,0,0.0,0.0,0.0,0.0
81,"(-0.3381775, 51.4741362)","(-0.3385034, 51.4739512)",-0.3381775,51.4741362,-0.3385034,51.4739512,11,GAUGE 6,5211,5211,0,0,0.0,0.0,0.0,0.0
81,"(-0.3381775, 51.4741362)","(-0.3385034, 51.4739512)",-0.3381775,51.4741362,-0.3385034,51.4739512,11,GAUGE 10,864,864,0,0,0.0,0.0,0.0,0.0
82,"(-2.1950105, 53.4929762)","(-2.194712, 53.492924)",-2.1950105,53.4929762,-2.194712,53.492924,11,GAUGE 6,5211,5211,0,0,0.0,0.0,0.0,0.0
82,"(-2.1950105, 53.4929762)","(-2.194712, 53.492924)",-2.1950105,53.4929762,-2.194712,53.492924,11,GAUGE 10,864,864,0,0,0.0,0.0,0.0,0.0
83,"(-0.4072008, 51.3739903)","(-0.4069024, 51.374037)",-0.4072008,51.3739903,-0.4069024,51.374037,11,GAUGE 6,5211,5209,2,0,0.00038380349261178274,0.0,0.11519825669518013,6.5
83,"(-0.4072008, 51.3739903)","(-0.4069024, 51.374037)",-0.4072008,51.3739903,-0.4069024,51.374037,11,GAUGE 10,864,864,0,0,0.0,0.0,0.0,0.0
84,"(0.6634488, 51.8192585)","(0.6631653, 51.819097)",0.6634488,51.8192585,0.6631653,51.819097,11,GAUGE 6,5211,5087,124,0,0.023795816541930533,0.0,1.343611462548757,4.669354838709677
84,"(0.6634488, 51.8192585)","(0.6631653, 51.819097)",0.6634488,51.8192585,0.6631653,51.819097,11,GAUGE 10,864,864,0,0,0.0,0.0,0.0,0.0
85,"(-2.5487248, 56.630015)","(-2.5491926, 56.6297379)",-2.5487248,56.630015,-2.5491926,56.6297379,11,GAUGE 6,5211,5205,6,0,0.0011514104778353484,0.0,0.015564672152531026,2.0
85,"(-2.5487248, 56.630015)","(-2.5491926, 56.6297379)",-2.5487248,56.630015,-2.5491926,56.6297379,11,GAUGE 10,864,864,0,0,0.0,0.0,0.0,0.0
86,"(-1.2796421, 52.9504393)","(-1.279257, 52.9502665)",-1.2796421,52.9504393,-1.279257,52.9502665,11,GAUGE 6,5211,5211,0,0,0.0,0.0,0.0,0.0
86,"(-1.2796421, 52.9504393)","(-1.279257, 52.9502665)",-1.2796421,52.9504393,-1.279257,52.9502665,11,GAUGE 10,864,864,0,0,0.0,0.0,0.0,0.0
87,"(-1.061848, 53.7846379)","(-1.0626874, 53.783723)",-1.061848,53.7846379,-1.0626874,53.783723,11,GAUGE 6,5211,5203,8,0,0.001535213970447131,0.0,8.73759127301712,15.75
87,"(-1.061848, 53.7846379)","(-1.0626874, 53.783723)",-1.061848,53.7846379,-1.0626874,53.783723,11,GAUGE 10,864,864,0,0,0.0,0.0,0.0,0.0
88,"(-1.9126766, 53.7078061)","(-1.9114189, 53.7077287)",-1.9126766,53.7078061,-1.9114189,53.7077287,11,GAUGE 6,5211,5205,6,0,0.0011514104778353484,0.0,1.4153598658088242,15.166666666666666
88,"(-1.9126766, 53.7078061)","(-1.9114189, 53.7077287)",-1.9126766,53.7078061,-1.9114189,53.7077287,11,GAUGE 10,864,864,0,0,0.0,0.0,0.0,0.0
89,"(-1.3358715, 53.4504052)","(-1.3361622, 53.4502716)",-1.3358715,53.4504052,-1.3361622,53.4502716,11,GAUGE 6,5211,5211,0,0,0.0,0.0,0.0,0.0
89,"(-1.3358715, 53.4504052)","(-1.3361622, 53.4502716)",-1.3358715,53.4504052,-1.3361622,53.4502716,11,GAUGE 10,864,864,0,0,0.0,0.0,0.0,0.0
90,"(-0.5340627, 51.2571222)","(-0.5344512, 51.2569926)",-0.5340627,51.2571222,-0.5344512,51.2569926,11,GAUGE 6,5211,5211,0,0,0.0,0.0,0.0,0.0
90,"(-0.5340627, 51.2571222)","(-0.5344512, 51.2569926)",-0.5340627,51.2571222,-0.5344512,51.2569926,11,GAUGE 10,864,864,0,0,0.0,0.0,0.0,0.0
91,"(-1.5256867, 52.411826)","(-1.5255816, 52.4119119)",-1.5256867,52.411826,-1.5255816,52.4119119,11,GAUGE 6,5211,5211,0,0,0.0,0.0,0.0,0.0
91,"(-1.5256867, 52.411826)","(-1.5255816, 52.4119119)",-1.5256867,52.411826,-1.5255816,52.4119119,11,GAUGE 10,864,864,0,0,0.0,0.0,0.0,0.0
92,"(-0.7371381, 52.4023826)","(-0.737099, 52.4021101)",-0.7371381,52.4023826,-0.737099,52.4021101,11,GAUGE 6,5211,5135,76,0,0.014584532719247745,0.0,6.784841446886663,22.06578947368421
92,"(-0.7371381, 52.4023826)","(-0.737099, 52.4021101)",-0.7371381,52.4023826,-0.737099,52.4021101,11,GAUGE 10,864,864,0,0,0.0,0.0,0.0,0.0
93,"(-2.1957503, 53.3696234)","(-2.195667, 53.3696939)",-2.1957503,53.3696234,-2.195667,53.3696939,10,GAUGE 6,5211,5208,3,0,0.0005757052389176742,0.0,0.3071745737523166,5.333333333333333
93,"(-2.1957503, 53.3696234)","(-2.195667, 53.3696939)",-2.1957503,53.3696234,-2.195667,53.3696939,10,GAUGE 10,864,864,0,0,0.0,0.0,0.0,0.0
94,"(-1.4746394, 53.0623075)","(-1.4754192, 53.0620075)",-1.4746394,53.0623075,-1.4754192,53.0620075,10,GAUGE 6,5211,5211,0,0,0.0,0.0,0.0,0.0
94,"(-1.4746394, 53.0623075)","(-1.4754192, 53.0620075)",-1.4746394,53.0623075,-1.4754192,53.0620075,10,GAUGE 10,864,864,0,0,0.0,0.0,0.0,0.0
95,"(-0.4331685, 51.693697)","(-0.4332818, 51.6938611)",-0.4331685,51.693697,-0.4332818,51.6938611,10,GAUGE 6,5211,4782,429,0,0.08232584916522741,0.0,14.075097476910368,40.99067599067599
95,"(-0.4331685, 51.693697)","(-0.4332818, 51.6938611)",-0.4331685,51.693697,-0.4332818,51.6938611,10,GAUGE 10,864,864,0,0,0.0,0.0,0.0,0.0
96,"(-1.376087, 52.5345334)","(-1.3765605, 52.5344993)",-1.376087,52.5345334,-1.3765605,52.5344993,10,GAUGE 6,5211,5208,3,0,0.0005757052389176742,0.0,0.16825844895882605,0.0
96,"(-1.376087, 52.5345334)","(-1.3765605, 52.5344993)",-1.376087,52.5345334,-1.3765605,52.5344993,10,GAUGE 10,864,864,0,0,0.0,0.0,0.0,0.0
97,"(-0.4597331, 51.9061002)","(-0.4594675, 51.9059381)",-0.4597331,51.9061002,-0.4594675,51.9059381,10,GAUGE 6,5211,5207,4,0,0.0007676069852235655,0.0,0.0,2.0
97,"(-0.4597331, 51.9061002)","(-0.4594675, 51.9059381)",-0.4597331,51.9061002,-0.4594675,51.9059381,10,GAUGE 10,864,864,0,0,0.0,0.0,0.0,0.0
98,"(-1.4293493, 53.2621914)","(-1.4289311, 53.2619545)",-1.4293493,53.2621914,-1.4289311,53.2619545,10,GAUGE 6,5211,5081,130,0,0.02494722701976588,0.0,0.20806102631509407,0.3769230769230769
98,"(-1.4293493, 53.2621914)","(-1.4289311, 53.2619545)",-1.4293493,53.2621914,-1.4289311,53.2619545,10,GAUGE 10,864,864,0,0,0.0,0.0,0.0,0.0
99,"(-1.347436, 53.4452661)","(-1.3472211, 53.4453594)",-1.347436,53.4452661,-1.3472211,53.4453594,10,GAUGE 6,5211,5211,0,0,0.0,0.0,0.0,0.0
99,"(-1.347436, 53.4452661)","(-1.3472211, 53.4453594)",-1.347436,53.4452661,-1.3472211,53.4453594,10,GAUGE 10,864,864,0,0,0.0,0.0,0.0,0.0
100,"(-4.1982796, 55.8792637)","(-4.2203263, 55.8754272)",-4.1982796,55.8792637,-4.2203263,55.8754272,10,GAUGE 6,5211,5205,6,0,0.0011514104778353484,0.0,0.0,2.0
100,"(-4.1982796, 55.8792637)","(-4.2203263, 55.8754272)",-4.1982796,55.8792637,-4.2203263,55.8754272,10,GAUGE 10,864,858,6,0,0.006944444444444444,0.0,0.0,2.0
101,"(-4.2694601, 55.8138538)","(-4.2690956, 55.8140698)",-4.2694601,55.8138538,-4.2690956,55.8140698,10,GAUGE 6,5211,5211,0,0,0.0,0.0,0.0,0.0
101,"(-4.2694601, 55.8138538)","(-4.2690956, 55.8140698)",-4.2694601,55.8138538,-4.2690956,55.8140698,10,GAUGE 10,864,864,0,0,0.0,0.0,0.0,0.0
102,"(-0.1882155, 51.9928744)","(-0.1884782, 51.9928338)",-0.1882155,51.9928744,-0.1884782,51.9928338,10,GAUGE 6,5211,5209,2,0,0.00038380349261178274,0.0,0.0,2.0
102,"(-0.1882155, 51.9928744)","(-0.1884782, 51.9928338)",-0.1882155,51.9928744,-0.1884782,51.9928338,10,GAUGE 10,864,864,0,0,0.0,0.0,0.0,0.0
103,"(0.3817008, 51.3010232)","(0.3812897, 51.3009933)",0.3817008,51.3010232,0.3812897,51.3009933,9,GAUGE 6,5211,5211,0,0,0.0,0.0,0.0,0.0
103,"(0.3817008, 51.3010232)","(0.3812897, 51.3009933)",0.3817008,51.3010232,0.3812897,51.3009933,9,GAUGE 10,864,864,0,0,0.0,0.0,0.0,0.0
104,"(-1.6047047, 54.9650554)","(-1.6051668, 54.9649117)",-1.6047047,54.9650554,-1.6051668,54.9649117,9,GAUGE 6,5211,5211,0,0,0.0,0.0,0.0,0.0
104,"(-1.6047047, 54.9650554)","(-1.6051668, 54.9649117)",-1.6047047,54.9650554,-1.6051668,54.9649117,9,GAUGE 10,864,864,0,0,0.0,0.0,0.0,0.0
105,"(-2.130919, 52.9887164)","(-2.1307742, 52.9886726)",-2.130919,52.9887164,-2.1307742,52.9886726,9,GAUGE 6,5211,5211,0,0,0.0,0.0,0.0,0.0
105,"(-2.130919, 52.9887164)","(-2.1307742, 52.9886726)",-2.130919,52.9887164,-2.1307742,52.9886726,9,GAUGE 10,864,864,0,0,0.0,0.0,0.0,0.0
106,"(-2.7128521, 53.4411307)","(-2.7130759, 53.4391168)",-2.7128521,53.4411307,-2.7130759,53.4391168,9,GAUGE 6,5211,5211,0,0,0.0,0.0,0.0,0.0
106,"(-2.7128521, 53.4411307)","(-2.7130759, 53.4391168)",-2.7128521,53.4411307,-2.7130759,53.4391168,9,GAUGE 10,864,864,0,0,0.0,0.0,0.0,0.0
107,"(-2.9639753, 53.8281227)","(-2.9639002, 53.828034)",-2.9639753,53.8281227,-2.9639002,53.828034,9,GAUGE 6,5211,5211,0,0,0.0,0.0,0.0,0.0
107,"(-2.9639753, 53.8281227)","(-2.9639002, 53.828034)",-2.9639753,53.8281227,-2.9639002,53.828034,9,GAUGE 10,864,864,0,0,0.0,0.0,0.0,0.0
108,"(-2.1765727, 53.0022218)","(-2.1766295, 53.0023899)",-2.1765727,53.0022218,-2.1766295,53.0023899,9,GAUGE 6,5211,5175,36,0,0.0069084628670120895,0.0,3.8310389957464133,5.166666666666667
108,"(-2.1765727, 53.0022218)","(-2.1766295, 53.0023899)",-2.1765727,53.0022218,-2.1766295,53.0023899,9,GAUGE 10,864,837,27,0,0.03125,0.0,4.028518910788752,6.888888888888889
109,"(1.0509506, 52.1571101)","(1.0513793, 52.1566776)",1.0509506,52.1571101,1.0513793,52.1566776,9,GAUGE 6,5211,5209,2,0,0.00038380349261178274,0.0,0.0,9.0
109,"(1.0509506, 52.1571101)","(1.0513793, 52.1566776)",1.0509506,52.1571101,1.0513793,52.1566776,9,GAUGE 10,864,864,0,0,0.0,0.0,0.0,0.0
110,"(-1.0839028, 53.5525352)","(-1.0840725, 53.5527188)",-1.0839028,53.5525352,-1.0840725,53.5527188,9,GAUGE 6,5211,5158,53,0,0.010170792554212243,0.0,0.4854880137099376,4.867924528301887
110,"(-1.0839028, 53.5525352)","(-1.0840725, 53.5527188)",-1.0839028,53.5525352,-1.0840725,53.5527188,9,GAUGE 10,864,864,0,0,0.0,0.0,0.0,0.0
111,"(-3.0140724, 53.2047684)","(-3.0141918, 53.2048211)",-3.0140724,53.2047684,-3.0141918,53.2048211,9,GAUGE 6,5211,5210,1,0,0.00019190174630589137,0.0,27.851285948490215,76.0
111,"(-3.0140724, 53.2047684)","(-3.0141918, 53.2048211)",-3.0140724,53.2047684,-3.0141918,53.2048211,9,GAUGE 10,864,864,0,0,0.0,0.0,0.0,0.0
112,"(-1.3094066, 53.4685373)","(-1.309273, 53.4686889)",-1.3094066,53.4685373,-1.309273,53.4686889,9,GAUGE 6,5211,5211,0,0,0.0,0.0,0.0,0.0
112,"(-1.3094066, 53.4685373)","(-1.309273, 53.4686889)",-1.3094066,53.4685373,-1.309273,53.4686889,9,GAUGE 10,864,864,0,0,0.0,0.0,0.0,0.0
113,"(-0.5331346, 52.9877633)","(-0.5326918, 52.9877778)",-0.5331346,52.9877633,-0.5326918,52.9877778,9,GAUGE 6,5211,5211,0,0,0.0,0.0,0.0,0.0
113,"(-0.5331346, 52.9877633)","(-0.5326918, 52.9877778)",-0.5331346,52.9877633,-0.5326918,52.9877778,9,GAUGE 10,864,864,0,0,0.0,0.0,0.0,0.0
114,"(-3.3377804, 52.2733622)","(-3.3375499, 52.2733943)",-3.3377804,52.2733622,-3.3375499,52.2733943,9,GAUGE 6,5211,5208,3,0,0.0005757052389176742,0.0,79.79560797711643,248.33333333333334
114,"(-3.3377804, 52.2733622)","(-3.3375499, 52.2733943)",-3.3377804,52.2733622,-3.3375499,52.2733943,9,GAUGE 10,864,864,0,0,0.0,0.0,0.0,0.0
115,"(-2.0890739, 53.486213)","(-2.088813, 53.4861934)",-2.0890739,53.486213,-2.088813,53.4861934,9,GAUGE 6,5211,5080,131,0,0.025139128766071772,0.0,0.6721823413570337,5.549618320610687
115,"(-2.0890739, 53.486213)","(-2.088813, 53.4861934)",-2.0890739,53.486213,-2.088813,53.4861934,9,GAUGE 10,864,864,0,0,0.0,0.0,0.0,0.0
116,"(-3.1344797, 53.2508252)","(-3.13436, 53.2507626)",-3.1344797,53.2508252,-3.13436,53.2507626,9,GAUGE 6,5211,5210,1,0,0.00019190174630589137,0.0,27.851285948490215,76.0
116,"(-3.1344797, 53.2508252)","(-3.13436, 53.2507626)",-3.1344797,53.2508252,-3.13436,53.2507626,9,GAUGE 10,864,864,0,0,0.0,0.0,0.0,0.0
117,"(-3.1739587, 51.4765284)","(-3.1736684, 51.4766144)",-3.1739587,51.4765284,-3.1736684,51.4766144,9,GAUGE 6,5211,5189,22,0,0.00422183841872961,0.0,0.7678671020794343,2.409090909090909
117,"(-3.1739587, 51.4765284)","(-3.1736684, 51.4766144)",-3.1739587,51.4765284,-3.1736684,51.4766144,9,GAUGE 10,864,864,0,0,0.0,0.0,0.0,0.0
118,"(-1.4912381, 53.5553145)","(-1.491396, 53.5552182)",-1.4912381,53.5553145,-1.491396,53.5552182,9,GAUGE 6,5211,5115,96,0,0.018422567645365574,0.0,0.14704223672279002,0.0
118,"(-1.4912381, 53.5553145)","(-1.491396, 53.5552182)",-1.4912381,53.5553145,-1.491396,53.5552182,9,GAUGE 10,864,864,0,0,0.0,0.0,0.0,0.0
119,"(-0.6257005, 51.3044047)","(-0.6259994, 51.3043735)",-0.6257005,51.3044047,-0.6259994,51.3043735,9,GAUGE 6,5211,5211,0,0,0.0,0.0,0.0,0.0
119,"(-0.6257005, 51.3044047)","(-0.6259994, 51.3043735)",-0.6257005,51.3044047,-0.6259994,51.3043735,9,GAUGE 10,864,864,0,0,0.0,0.0,0.0,0.0
120,"(-1.6244345, 54.9467904)","(-1.6251801, 54.9469074)",-1.6244345,54.9467904,-1.6251801,54.9469074,9,GAUGE 6,5211,5210,1,0,0.00019190174630589137,0.0,0.0,3.0
120,"(-1.6244345, 54.9467904)","(-1.6251801, 54.9469074)",-1.6244345,54.9467904,-1.6251801,54.9469074,9,GAUGE 10,864,864,0,0,0.0,0.0,0.0,0.0
121,"(-3.3271089, 51.4781761)","(-3.3274291, 51.4782159)",-3.3271089,51.4781761,-3.3274291,51.4782159,9,GAUGE 6,5211,5027,184,0,0.035309921320284016,0.0,0.5046620132906744,5.440217391304348
121,"(-3.3271089, 51.4781761)","(-3.3274291, 51.4782159)",-3.3271089,51.4781761,-3.3274291,51.4782159,9,GAUGE 10,864,864,0,0,0.0,0.0,0.0,0.0
122,"(-1.844844, 52.6053014)","(-1.8448275, 52.6051554)",-1.844844,52.6053014,-1.8448275,52.6051554,8,GAUGE 6,5211,5211,0,0,0.0,0.0,0.0,0.0
122,"(-1.844844, 52.6053014)","(-1.8448275, 52.6051554)",-1.844844,52.6053014,-1.8448275,52.6051554,8,GAUGE 10,864,864,0,0,0.0,0.0,0.0,0.0
123,"(-0.605766, 52.8525556)","(-0.6059855, 52.852699)",-0.605766,52.8525556,-0.6059855,52.852699,8,GAUGE 6,5211,5210,1,0,0.00019190174630589137,0.0,0.0,8.0
123,"(-0.605766, 52.8525556)","(-0.6059855, 52.852699)",-0.605766,52.8525556,-0.6059855,52.852699,8,GAUGE 10,864,864,0,0,0.0,0.0,0.0,0.0
124,"(-1.6785635, 52.6004453)","(-1.6785651, 52.6002232)",-1.6785635,52.6004453,-1.6785651,52.6002232,8,GAUGE 6,5211,5059,152,0,0.02916906543849549,0.0,7.760584291467336,27.07894736842105
124,"(-1.6785635, 52.6004453)","(-1.6785651, 52.6002232)",-1.6785635,52.6004453,-1.6785651,52.6002232,8,GAUGE 10,864,864,0,0,0.0,0.0,0.0,0.0
125,"(0.3918302, 51.5676148)","(0.3915802, 51.5675509)",0.3918302,51.5676148,0.3915802,51.5675509,8,GAUGE 6,5211,5210,1,0,0.00019190174630589137,0.0,2.3111457346955433,0.0
125,"(0.3918302, 51.5676148)","(0.3915802, 51.5675509)",0.3918302,51.5676148,0.3915802,51.5675509,8,GAUGE 10,864,864,0,0,0.0,0.0,0.0,0.0
126,"(-4.5711716, 55.946601)","(-4.5630422, 55.9464999)",-4.5711716,55.946601,-4.5630422,55.9464999,8,GAUGE 6,5211,5211,0,0,0.0,0.0,0.0,0.0
126,"(-4.5711716, 55.946601)","(-4.5630422, 55.9464999)",-4.5711716,55.946601,-4.5630422,55.9464999,8,GAUGE 10,864,864,0,0,0.0,0.0,0.0,0.0
127,"(-4.6144958, 55.5011895)","(-4.6145194, 55.5010624)",-4.6144958,55.5011895,-4.6145194,55.5010624,8,GAUGE 6,5211,5208,3,0,0.0005757052389176742,0.0,37.614494167634604,149.0
127,"(-4.6144958, 55.5011895)","(-4.6145194, 55.5010624)",-4.6144958,55.5011895,-4.6145194,55.5010624,8,GAUGE 10,864,864,0,0,0.0,0.0,0.0,0.0
128,"(-4.7431164, 51.657219)","(-4.7436369, 51.6574562)",-4.7431164,51.657219,-4.7436369,51.6574562,8,GAUGE 6,5211,5211,0,0,0.0,0.0,0.0,0.0
128,"(-4.7431164, 51.657219)","(-4.7436369, 51.6574562)",-4.7431164,51.657219,-4.7436369,51.6574562,8,GAUGE 10,864,864,0,0,0.0,0.0,0.0,0.0
129,"(-0.1496032, 51.442499)","(-0.1493409, 51.4424485)",-0.1496032,51.442499,-0.1493409,51.4424485,8,GAUGE 6,5211,5186,25,0,0.004797543657647284,0.0,0.0847685424085573,5.92
129,"(-0.1496032, 51.442499)","(-0.1493409, 51.4424485)",-0.1496032,51.442499,-0.1493409,51.4424485,8,GAUGE 10,864,864,0,0,0.0,0.0,0.0,0.0
130,"(-0.147508, 51.4856352)","(-0.1475073, 51.4858148)",-0.147508,51.4856352,-0.1475073,51.4858148,8,GAUGE 6,5211,5211,0,0,0.0,0.0,0.0,0.0
130,"(-0.147508, 51.4856352)","(-0.1475073, 51.4858148)",-0.147508,51.4856352,-0.1475073,51.4858148,8,GAUGE 10,864,864,0,0,0.0,0.0,0.0,0.0
131,"(-1.8657999, 52.4876513)","(-1.8658652, 52.4875079)",-1.8657999,52.4876513,-1.8658652,52.4875079,8,GAUGE 6,5211,5107,104,0,0.019957781615812704,0.0,0.028345169184219945,3.1634615384615383
131,"(-1.8657999, 52.4876513)","(-1.8658652, 52.4875079)",-1.8657999,52.4876513,-1.8658652,52.4875079,8,GAUGE 10,864,864,0,0,0.0,0.0,0.0,0.0
132,"(-1.086432, 51.2687123)","(-1.0799251, 51.2696516)",-1.086432,51.2687123,-1.0799251,51.2696516,8,GAUGE 6,5211,5211,0,0,0.0,0.0,0.0,0.0
132,"(-1.086432, 51.2687123)","(-1.0799251, 51.2696516)",-1.086432,51.2687123,-1.0799251,51.2696516,8,GAUGE 10,864,864,0,0,0.0,0.0,0.0,0.0
133,"(-1.1610074, 53.199255)","(-1.1608352, 53.1991989)",-1.1610074,53.199255,-1.1608352,53.1991989,8,GAUGE 6,5211,5211,0,0,0.0,0.0,0.0,0.0
133,"(-1.1610074, 53.199255)","(-1.1608352, 53.1991989)",-1.1610074,53.199255,-1.1608352,53.1991989,8,GAUGE 10,864,864,0,0,0.0,0.0,0.0,0.0
134,"(-0.5840472, 51.2676822)","(-0.5840528, 51.2674527)",-0.5840472,51.2676822,-0.5840528,51.2674527,8,GAUGE 6,5211,5211,0,0,0.0,0.0,0.0,0.0
134,"(-0.5840472, 51.2676822)","(-0.5840528, 51.2674527)",-0.5840472,51.2676822,-0.5840528,51.2674527,8,GAUGE 10,864,864,0,0,0.0,0.0,0.0,0.0
135,"(0.0050998, 51.5650385)","(0.001943, 51.5663805)",0.0050998,51.5650385,0.001943,51.5663805,8,GAUGE 6,5211,5208,3,0,0.0005757052389176742,0.0,3.0449428357939983,25.333333333333332
135,"(0.0050998, 51.5650385)","(0.001943, 51.5663805)",0.0050998,51.5650385,0.001943,51.5663805,8,GAUGE 10,864,864,0,0,0.0,0.0,0.0,0.0
136,"(0.0013563, 51.4063436)","(0.0016464, 51.4061278)",0.0013563,51.4063436,0.0016464,51.4061278,8,GAUGE 6,5211,5211,0,0,0.0,0.0,0.0,0.0
136,"(0.0013563, 51.4063436)","(0.0016464, 51.4061278)",0.0013563,51.4063436,0.0016464,51.4061278,8,GAUGE 10,864,864,0,0,0.0,0.0,0.0,0.0
137,"(-3.8555614, 52.5947786)","(-3.8552863, 52.5949239)",-3.8555614,52.5947786,-3.8552863,52.5949239,8,GAUGE 6,5211,5211,0,0,0.0,0.0,0.0,0.0
137,"(-3.8555614, 52.5947786)","(-3.8552863, 52.5949239)",-3.8555614,52.5947786,-3.8552863,52.5949239,8,GAUGE 10,864,864,0,0,0.0,0.0,0.0,0.0
138,"(1.0739164, 51.2745924)","(1.0736522, 51.2746505)",1.0739164,51.2745924,1.0736522,51.2746505,8,GAUGE 6,5211,5211,0,0,0.0,0.0,0.0,0.0
138,"(1.0739164, 51.2745924)","(1.0736522, 51.2746505)",1.0739164,51.2745924,1.0736522,51.2746505,8,GAUGE 10,864,864,0,0,0.0,0.0,0.0,0.0
139,"(0.3005656, 52.4081204)","(0.2991523, 52.4077336)",0.3005656,52.4081204,0.2991523,52.4077336,8,GAUGE 6,5211,5210,1,0,0.00019190174630589137,0.0,0.020417034839283588,2.0
139,"(0.3005656, 52.4081204)","(0.2991523, 52.4077336)",0.3005656,52.4081204,0.2991523,52.4077336,8,GAUGE 10,864,864,0,0,0.0,0.0,0.0,0.0
140,"(-2.184042, 53.0099122)","(-2.1838688, 53.0098124)",-2.184042,53.0099122,-2.1838688,53.0098124,8,GAUGE 6,5211,5200,11,0,0.002110919209364805,0.0,5.335150381706463,13.090909090909092
140,"(-2.184042, 53.0099122)","(-2.1838688, 53.0098124)",-2.184042,53.0099122,-2.1838688,53.0098124,8,GAUGE 10,864,858,6,0,0.006944444444444444,0.0,9.625079675250149,24.0
141,"(-1.5800162, 52.2865697)","(-1.5797875, 52.2865648)",-1.5800162,52.2865697,-1.5797875,52.2865648,8,GAUGE 6,5211,5188,23,0,0.004413740165035502,0.0,0.0048004280713095804,6.6521739130434785
141,"(-1.5800162, 52.2865697)","(-1.5797875, 52.2865648)",-1.5800162,52.2865697,-1.5797875,52.2865648,8,GAUGE 10,864,864,0,0,0.0,0.0,0.0,0.0
142,"(-0.1384101, 51.3164522)","(-0.1377423, 51.3171407)",-0.1384101,51.3164522,-0.1377423,51.3171407,8,GAUGE 6,5211,5206,5,0,0.0009595087315294569,0.0,0.0,2.6
142,"(-0.1384101, 51.3164522)","(-0.1377423, 51.3171407)",-0.1384101,51.3164522,-0.1377423,51.3171407,8,GAUGE 10,864,864,0,0,0.0,0.0,0.0,0.0
143,"(-1.6369289, 53.8052546)","(-1.6372437, 53.8053341)",-1.6369289,53.8052546,-1.6372437,53.8053341,7,GAUGE 6,5211,5200,11,0,0.002110919209364805,0.0,0.8188044417731494,6.0
143,"(-1.6369289, 53.8052546)","(-1.6372437, 53.8053341)",-1.6369289,53.8052546,-1.6372437,53.8053341,7,GAUGE 10,864,864,0,0,0.0,0.0,0.0,0.0
144,"(-0.2400719, 51.3458656)","(-0.2397487, 51.3460095)",-0.2400719,51.3458656,-0.2397487,51.3460095,7,GAUGE 6,5211,5210,1,0,0.00019190174630589137,0.0,0.1986900391782207,1.0
144,"(-0.2400719, 51.3458656)","(-0.2397487, 51.3460095)",-0.2400719,51.3458656,-0.2397487,51.3460095,7,GAUGE 10,864,864,0,0,0.0,0.0,0.0,0.0
145,"(-2.2262403, 52.34725)","(-2.2261573, 52.3471093)",-2.2262403,52.34725,-2.2261573,52.3471093,7,GAUGE 6,5211,5192,19,0,0.0036461331798119364,0.0,16.544550847600608,126.15789473684211
145,"(-2.2262403, 52.34725)","(-2.2261573, 52.3471093)",-2.2262403,52.34725,-2.2261573,52.3471093,7,GAUGE 10,864,864,0,0,0.0,0.0,0.0,0.0
146,"(0.0613104, 51.2082022)","(0.0610803, 51.2082246)",0.0613104,51.2082022,0.0610803,51.2082246,7,GAUGE 6,5211,5210,1,0,0.00019190174630589137,0.0,0.0,4.0
146,"(0.0613104, 51.2082022)","(0.0610803, 51.2082246)",0.0613104,51.2082022,0.0610803,51.2082246,7,GAUGE 10,864,864,0,0,0.0,0.0,0.0,0.0
147,"(-2.7235984, 53.3603088)","(-2.724114, 53.3602498)",-2.7235984,53.3603088,-2.724114,53.3602498,7,GAUGE 6,5211,5192,0,19,0.0,0.0036461331798119364,0.0,0.0
147,"(-2.7235984, 53.3603088)","(-2.724114, 53.3602498)",-2.7235984,53.3603088,-2.724114,53.3602498,7,GAUGE 10,864,864,0,0,0.0,0.0,0.0,0.0
148,"(-2.7304739, 53.4618716)","(-2.7305021, 53.4619422)",-2.7304739,53.4618716,-2.7305021,53.4619422,7,GAUGE 6,5211,5211,0,0,0.0,0.0,0.0,0.0
148,"(-2.7304739, 53.4618716)","(-2.7305021, 53.4619422)",-2.7304739,53.4618716,-2.7305021,53.4619422,7,GAUGE 10,864,864,0,0,0.0,0.0,0.0,0.0
149,"(-3.8364393, 56.0068012)","(-3.8365319, 56.0065807)",-3.8364393,56.0068012,-3.8365319,56.0065807,7,GAUGE 6,5211,5176,35,0,0.006716561120706199,0.0,0.08713153787075702,3.0
149,"(-3.8364393, 56.0068012)","(-3.8365319, 56.0065807)",-3.8364393,56.0068012,-3.8365319,56.0065807,7,GAUGE 10,864,847,17,0,0.019675925925925927,0.0,0.08825259470667056,3.0
150,"(-2.7317862, 53.2926898)","(-2.7320574, 53.2925825)",-2.7317862,53.2926898,-2.7320574,53.2925825,7,GAUGE 6,5211,5210,1,0,0.00019190174630589137,0.0,0.14386624667486103,0.0
150,"(-2.7317862, 53.2926898)","(-2.7320574, 53.2925825)",-2.7317862,53.2926898,-2.7320574,53.2925825,7,GAUGE 10,864,864,0,0,0.0,0.0,0.0,0.0
151,"(-3.563944, 51.5027868)","(-3.5308644, 51.5075788)",-3.563944,51.5027868,-3.5308644,51.5075788,7,GAUGE 6,5211,5027,184,0,0.035309921320284016,0.0,0.5046620132906744,5.440217391304348
151,"(-3.563944, 51.5027868)","(-3.5308644, 51.5075788)",-3.563944,51.5027868,-3.5308644,51.5075788,7,GAUGE 10,864,864,0,0,0.0,0.0,0.0,0.0
152,"(-2.9316088, 53.1792088)","(-2.9314012, 53.1792198)",-2.9316088,53.1792088,-2.9314012,53.1792198,7,GAUGE 6,5211,5210,1,0,0.00019190174630589137,0.0,27.851285948490215,76.0
152,"(-2.9316088, 53.1792088)","(-2.9314012, 53.1792198)",-2.9316088,53.1792088,-2.9314012,53.1792198,7,GAUGE 10,864,864,0,0,0.0,0.0,0.0,0.0
153,"(-1.3026972, 50.885429)","(-1.3022708, 50.8856234)",-1.3026972,50.885429,-1.3022708,50.8856234,7,GAUGE 6,5211,5201,10,0,0.0019190174630589138,0.0,0.014244158513343309,3.0
153,"(-1.3026972, 50.885429)","(-1.3022708, 50.8856234)",-1.3026972,50.885429,-1.3022708,50.8856234,7,GAUGE 10,864,864,0,0,0.0,0.0,0.0,0.0
154,"(-1.4879037, 50.9905306)","(-1.488, 50.9906205)",-1.4879037,50.9905306,-1.488,50.9906205,7,GAUGE 6,5211,5211,0,0,0.0,0.0,0.0,0.0
154,"(-1.4879037, 50.9905306)","(-1.488, 50.9906205)",-1.4879037,50.9905306,-1.488,50.9906205,7,GAUGE 10,864,864,0,0,0.0,0.0,0.0,0.0
155,"(-1.4987973, 50.9959962)","(-1.499068, 50.9962538)",-1.4987973,50.9959962,-1.499068,50.9962538,7,GAUGE 6,5211,5165,46,0,0.008827480330071004,0.0,1.5462616489247194,8.065217391304348
155,"(-1.4987973, 50.9959962)","(-1.499068, 50.9962538)",-1.4987973,50.9959962,-1.499068,50.9962538,7,GAUGE 10,864,864,0,0,0.0,0.0,0.0,0.0
156,"(-0.0418687, 51.4845592)","(-0.0458947, 51.486258)",-0.0418687,51.4845592,-0.0458947,51.486258,7,GAUGE 6,5211,5211,0,0,0.0,0.0,0.0,0.0
156,"(-0.0418687, 51.4845592)","(-0.0458947, 51.486258)",-0.0418687,51.4845592,-0.0458947,51.486258,7,GAUGE 10,864,864,0,0,0.0,0.0,0.0,0.0
157,"(-1.3741673, 52.7280483)","(-1.3739344, 52.7278027)",-1.3741673,52.7280483,-1.3739344,52.7278027,7,GAUGE 6,5211,5211,0,0,0.0,0.0,0.0,0.0
157,"(-1.3741673, 52.7280483)","(-1.3739344, 52.7278027)",-1.3741673,52.7280483,-1.3739344,52.7278027,7,GAUGE 10,864,864,0,0,0.0,0.0,0.0,0.0
158,"(-1.3124521, 53.507741)","(-1.3125251, 53.5075016)",-1.3124521,53.507741,-1.3125251,53.5075016,7,GAUGE 6,5211,5172,39,0,0.007484168105929764,0.0,0.9714807305291675,2.051282051282051
158,"(-1.3124521, 53.507741)","(-1.3125251, 53.5075016)",-1.3124521,53.507741,-1.3125251,53.5075016,7,GAUGE 10,864,864,0,0,0.0,0.0,0.0,0.0
159,"(-0.1154768, 51.4086799)","(-0.1156301, 51.4087493)",-0.1154768,51.4086799,-0.1156301,51.4087493,7,GAUGE 6,5211,5211,0,0,0.0,0.0,0.0,0.0
159,"(-0.1154768, 51.4086799)","(-0.1156301, 51.4087493)",-0.1154768,51.4086799,-0.1156301,51.4087493,7,GAUGE 10,864,864,0,0,0.0,0.0,0.0,0.0
160,"(-3.2018926, 51.4774217)","(-3.20156, 51.4773558)",-3.2018926,51.4774217,-3.20156,51.4773558,7,GAUGE 6,5211,5027,184,0,0.035309921320284016,0.0,0.5046620132906744,5.440217391304348
160,"(-3.2018926, 51.4774217)","(-3.20156, 51.4773558)",-3.2018926,51.4774217,-3.20156,51.4773558,7,GAUGE 10,864,864,0,0,0.0,0.0,0.0,0.0
161,"(-0.1472016, 51.228348)","(-0.1407633, 51.2276724)",-0.1472016,51.228348,-0.1407633,51.2276724,7,GAUGE 6,5211,5208,3,0,0.0005757052389176742,0.0,12.700035082058172,20.333333333333332
161,"(-0.1472016, 51.228348)","(-0.1407633, 51.2276724)",-0.1472016,51.228348,-0.1407633,51.2276724,7,GAUGE 10,864,864,0,0,0.0,0.0,0.0,0.0
162,"(-0.9728866, 53.6157413)","(-0.9732404, 53.6153775)",-0.9728866,53.6157413,-0.9732404,53.6153775,7,GAUGE 6,5211,5113,98,0,0.018806371137977354,0.0,0.7375577665383066,3.0
162,"(-0.9728866, 53.6157413)","(-0.9732404, 53.6153775)",-0.9728866,53.6157413,-0.9732404,53.6153775,7,GAUGE 10,864,864,0,0,0.0,0.0,0.0,0.0
163,"(-1.0931382, 51.8767471)","(-1.0934686, 51.8769886)",-1.0931382,51.8767471,-1.0934686,51.8769886,7,GAUGE 6,5211,5210,1,0,0.00019190174630589137,0.0,3.8800983406346248,16.0
163,"(-1.0931382, 51.8767471)","(-1.0934686, 51.8769886)",-1.0931382,51.8767471,-1.0934686,51.8769886,7,GAUGE 10,864,864,0,0,0.0,0.0,0.0,0.0
164,"(-3.1823648, 55.952794)","(-3.1832747, 55.9526001)",-3.1823648,55.952794,-3.1832747,55.9526001,7,GAUGE 6,5211,5211,0,0,0.0,0.0,0.0,0.0
164,"(-3.1823648, 55.952794)","(-3.1832747, 55.9526001)",-3.1823648,55.952794,-3.1832747,55.9526001,7,GAUGE 10,864,864,0,0,0.0,0.0,0.0,0.0
165,"(-3.2326529, 51.6441106)","(-3.2248209, 51.6517273)",-3.2326529,51.6441106,-3.2248209,51.6517273,7,GAUGE 6,5211,5211,0,0,0.0,0.0,0.0,0.0
165,"(-3.2326529, 51.6441106)","(-3.2248209, 51.6517273)",-3.2326529,51.6441106,-3.2248209,51.6517273,7,GAUGE 10,864,864,0,0,0.0,0.0,0.0,0.0
166,"(-1.9160695, 50.7278051)","(-1.9158723, 50.7278833)",-1.9160695,50.7278051,-1.9158723,50.7278833,7,GAUGE 6,5211,5211,0,0,0.0,0.0,0.0,0.0
166,"(-1.9160695, 50.7278051)","(-1.9158723, 50.7278833)",-1.9160695,50.7278051,-1.9158723,50.7278833,7,GAUGE 10,864,864,0,0,0.0,0.0,0.0,0.0
167,"(-1.8310017, 52.6756028)","(-1.8311892, 52.6754821)",-1.8310017,52.6756028,-1.8311892,52.6754821,7,GAUGE 6,5211,5211,0,0,0.0,0.0,0.0,0.0
167,"(-1.8310017, 52.6756028)","(-1.8311892, 52.6754821)",-1.8310017,52.6756028,-1.8311892,52.6754821,7,GAUGE 10,864,864,0,0,0.0,0.0,0.0,0.0
168,"(-1.928589, 52.7685401)","(-1.928354, 52.768307)",-1.928589,52.7685401,-1.928354,52.768307,7,GAUGE 6,5211,4962,249,0,0.04778353483016695,0.0,0.061635573797796765,4.763052208835341
168,"(-1.928589, 52.7685401)","(-1.928354, 52.768307)",-1.928589,52.7685401,-1.928354,52.768307,7,GAUGE 10,864,769,95,0,0.1099537037037037,0.0,0.1260325294001643,5.378947368421053
169,"(-0.1007099, 51.430849)","(-0.1025555, 51.4313782)",-0.1007099,51.430849,-0.1025555,51.4313782,7,GAUGE 6,5211,5207,4,0,0.0007676069852235655,0.0,1.2264167862641768,8.75
169,"(-0.1007099, 51.430849)","(-0.1025555, 51.4313782)",-0.1007099,51.430849,-0.1025555,51.4313782,7,GAUGE 10,864,864,0,0,0.0,0.0,0.0,0.0
170,"(-0.0906165, 51.6535197)","(-0.0905755, 51.6536774)",-0.0906165,51.6535197,-0.0905755,51.6536774,7,GAUGE 6,5211,5211,0,0,0.0,0.0,0.0,0.0
170,"(-0.0906165, 51.6535197)","(-0.0905755, 51.6536774)",-0.0906165,51.6535197,-0.0905755,51.6536774,7,GAUGE 10,864,864,0,0,0.0,0.0,0.0,0.0
171,"(-4.0320708, 52.4341422)","(-4.0319392, 52.4338968)",-4.0320708,52.4341422,-4.0319392,52.4338968,7,GAUGE 6,5211,5211,0,0,0.0,0.0,0.0,0.0
171,"(-4.0320708, 52.4341422)","(-4.0319392, 52.4338968)",-4.0320708,52.4341422,-4.0319392,52.4338968,7,GAUGE 10,864,864,0,0,0.0,0.0,0.0,0.0
172,"(0.5635628, 51.6240575)","(0.5646015, 51.6245351)",0.5635628,51.6240575,0.5646015,51.6245351,7,GAUGE 6,5211,5211,0,0,0.0,0.0,0.0,0.0
172,"(0.5635628, 51.6240575)","(0.5646015, 51.6245351)",0.5635628,51.6240575,0.5646015,51.6245351,7,GAUGE 10,864,864,0,0,0.0,0.0,0.0,0.0
173,"(-4.1534117, 52.9340652)","(-4.1536185, 52.9340653)",-4.1534117,52.9340652,-4.1536185,52.9340653,7,GAUGE 6,5211,5211,0,0,0.0,0.0,0.0,0.0
173,"(-4.1534117, 52.9340652)","(-4.1536185, 52.9340653)",-4.1534117,52.9340652,-4.1536185,52.9340653,7,GAUGE 10,864,864,0,0,0.0,0.0,0.0,0.0
174,"(0.49045, 51.3961341)","(0.4906324, 51.3962546)",0.49045,51.3961341,0.4906324,51.3962546,6,GAUGE 6,5211,5198,13,0,0.002494722701976588,0.0,0.03882286827626302,7.153846153846154
174,"(0.49045, 51.3961341)","(0.4906324, 51.3962546)",0.49045,51.3961341,0.4906324,51.3962546,6,GAUGE 10,864,864,0,0,0.0,0.0,0.0,0.0
175,"(0.4937732, 51.3970729)","(0.4932743, 51.3970545)",0.4937732,51.3970729,0.4932743,51.3970545,6,GAUGE 6,5211,5198,13,0,0.002494722701976588,0.0,0.03882286827626302,7.153846153846154
175,"(0.4937732, 51.3970729)","(0.4932743, 51.3970545)",0.4937732,51.3970729,0.4932743,51.3970545,6,GAUGE 10,864,864,0,0,0.0,0.0,0.0,0.0
176,"(1.2974023, 51.134051)","(1.2975964, 51.1339279)",1.2974023,51.134051,1.2975964,51.1339279,6,GAUGE 6,5211,5210,1,0,0.00019190174630589137,0.0,18.960863464857663,72.0
176,"(1.2974023, 51.134051)","(1.2975964, 51.1339279)",1.2974023,51.134051,1.2975964,51.1339279,6,GAUGE 10,864,864,0,0,0.0,0.0,0.0,0.0
177,"(-2.4703583, 53.7606164)","(-2.4700901, 53.7603119)",-2.4703583,53.7606164,-2.4700901,53.7603119,6,GAUGE 6,5211,5176,35,0,0.006716561120706199,0.0,30.397855610273407,76.08571428571429
177,"(-2.4703583, 53.7606164)","(-2.4700901, 53.7603119)",-2.4703583,53.7606164,-2.4700901,53.7603119,6,GAUGE 10,864,864,0,0,0.0,0.0,0.0,0.0
178,"(-2.4116757, 53.6120844)","(-2.4116177, 53.6122664)",-2.4116757,53.6120844,-2.4116177,53.6122664,6,GAUGE 6,5211,5211,0,0,0.0,0.0,0.0,0.0
178,"(-2.4116757, 53.6120844)","(-2.4116177, 53.6122664)",-2.4116757,53.6120844,-2.4116177,53.6122664,6,GAUGE 10,864,864,0,0,0.0,0.0,0.0,0.0
179,"(-2.3583725, 53.4847221)","(-2.3581604, 53.484735)",-2.3583725,53.4847221,-2.3581604,53.484735,6,GAUGE 6,5211,5036,175,0,0.03358280560353099,0.0,8.812402576848756e-05,4.514285714285714
179,"(-2.3583725, 53.4847221)","(-2.3581604, 53.484735)",-2.3583725,53.4847221,-2.3581604,53.484735,6,GAUGE 10,864,805,59,0,0.06828703703703703,0.0,0.00013494848406146425,4.440677966101695
180,"(-1.8738341, 52.506568)","(-1.873781, 52.5064095)",-1.8738341,52.506568,-1.873781,52.5064095,6,GAUGE 6,5211,5211,0,0,0.0,0.0,0.0,0.0
180,"(-1.8738341, 52.506568)","(-1.873781, 52.5064095)",-1.8738341,52.506568,-1.873781,52.5064095,6,GAUGE 10,864,860,4,0,0.004629629629629629,0.0,0.01834642194998537,7.0
181,"(-0.1022858, 51.467836)","(-0.1019008, 51.4640583)",-0.1022858,51.467836,-0.1019008,51.4640583,6,GAUGE 6,5211,5211,0,0,0.0,0.0,0.0,0.0
181,"(-0.1022858, 51.467836)","(-0.1019008, 51.4640583)",-0.1022858,51.467836,-0.1019008,51.4640583,6,GAUGE 10,864,864,0,0,0.0,0.0,0.0,0.0
182,"(-0.8996885, 51.4387476)","(-0.9000584, 51.438812)",-0.8996885,51.4387476,-0.9000584,51.438812,6,GAUGE 6,5211,5160,0,51,0.0,0.00978698906160046,0.0,0.0
182,"(-0.8996885, 51.4387476)","(-0.9000584, 51.438812)",-0.8996885,51.4387476,-0.9000584,51.438812,6,GAUGE 10,864,864,0,0,0.0,0.0,0.0,0.0
183,"(-0.9095569, 52.4785431)","(-0.9094707, 52.4789678)",-0.9095569,52.4785431,-0.9094707,52.4789678,6,GAUGE 6,5211,5135,76,0,0.014584532719247745,0.0,6.784841446886663,22.06578947368421
183,"(-0.9095569, 52.4785431)","(-0.9094707, 52.4789678)",-0.9095569,52.4785431,-0.9094707,52.4789678,6,GAUGE 10,864,864,0,0,0.0,0.0,0.0,0.0
184,"(-1.8373983, 53.6903672)","(-1.8385077, 53.6904415)",-1.8373983,53.6903672,-1.8385077,53.6904415,6,GAUGE 6,5211,5206,5,0,0.0009595087315294569,0.0,0.0,8.4
184,"(-1.8373983, 53.6903672)","(-1.8385077, 53.6904415)",-1.8373983,53.6903672,-1.8385077,53.6904415,6,GAUGE 10,864,864,0,0,0.0,0.0,0.0,0.0
185,"(-1.8175807, 51.0727436)","(-1.8177363, 51.0728044)",-1.8175807,51.0727436,-1.8177363,51.0728044,6,GAUGE 6,5211,5209,2,0,0.00038380349261178274,0.0,31.216152807505573,93.5
185,"(-1.8175807, 51.0727436)","(-1.8177363, 51.0728044)",-1.8175807,51.0727436,-1.8177363,51.0728044,6,GAUGE 10,864,864,0,0,0.0,0.0,0.0,0.0
186,"(-2.6776796, 53.6786035)","(-2.6776184, 53.6784648)",-2.6776796,53.6786035,-2.6776184,53.6784648,6,GAUGE 6,5211,5211,0,0,0.0,0.0,0.0,0.0
186,"(-2.6776796, 53.6786035)","(-2.6776184, 53.6784648)",-2.6776796,53.6786035,-2.6776184,53.6784648,6,GAUGE 10,864,864,0,0,0.0,0.0,0.0,0.0
187,"(-2.9549381, 53.4792865)","(-2.9549892, 53.4791412)",-2.9549381,53.4792865,-2.9549892,53.4791412,6,GAUGE 6,5211,5211,0,0,0.0,0.0,0.0,0.0
187,"(-2.9549381, 53.4792865)","(-2.9549892, 53.4791412)",-2.9549381,53.4792865,-2.9549892,53.4791412,6,GAUGE 10,864,864,0,0,0.0,0.0,0.0,0.0
188,"(-2.9991031, 53.3501259)","(-2.9991877, 53.3502958)",-2.9991031,53.3501259,-2.9991877,53.3502958,6,GAUGE 6,5211,5208,3,0,0.0005757052389176742,0.0,1.0574680090184359,2.0
188,"(-2.9991031, 53.3501259)","(-2.9991877, 53.3502958)",-2.9991031,53.3501259,-2.9991877,53.3502958,6,GAUGE 10,864,864,0,0,0.0,0.0,0.0,0.0
189,"(-1.3057066, 53.4871306)","(-1.3057082, 53.4872246)",-1.3057066,53.4871306,-1.3057082,53.4872246,6,GAUGE 6,5211,5203,8,0,0.001535213970447131,0.0,0.002639502804218097,3.5
189,"(-1.3057066, 53.4871306)","(-1.3057082, 53.4872246)",-1.3057066,53.4871306,-1.3057082,53.4872246,6,GAUGE 10,864,864,0,0,0.0,0.0,0.0,0.0
190,"(-3.0551346, 53.157874)","(-3.0551317, 53.1576588)",-3.0551346,53.157874,-3.0551317,53.1576588,6,GAUGE 6,5211,5209,2,0,0.00038380349261178274,0.0,0.25663162096091696,0.0
190,"(-3.0551346, 53.157874)","(-3.0551317, 53.1576588)",-3.0551346,53.157874,-3.0551317,53.1576588,6,GAUGE 10,864,864,0,0,0.0,0.0,0.0,0.0
191,"(-1.0964814, 53.6917557)","(-1.0965701, 53.6914739)",-1.0964814,53.6917557,-1.0965701,53.6914739,6,GAUGE 6,5211,5113,98,0,0.018806371137977354,0.0,1.7856427000480841,1.5204081632653061
191,"(-1.0964814, 53.6917557)","(-1.0965701, 53.6914739)",-1.0964814,53.6917557,-1.0965701,53.6914739,6,GAUGE 10,864,847,17,0,0.019675925925925927,0.0,0.020381841418732033,2.0588235294117645
192,"(-2.8692508, 56.467105)","(-2.8696978, 56.4671323)",-2.8692508,56.467105,-2.8696978,56.4671323,6,GAUGE 6,5211,5205,6,0,0.0011514104778353484,0.0,0.015564672152531026,2.0
192,"(-2.8692508, 56.467105)","(-2.8696978, 56.4671323)",-2.8692508,56.467105,-2.8696978,56.4671323,6,GAUGE 10,864,864,0,0,0.0,0.0,0.0,0.0
193,"(-1.6179842, 55.095594)","(-1.6177921, 55.0955723)",-1.6179842,55.095594,-1.6177921,55.0955723,6,GAUGE 6,5211,5211,0,0,0.0,0.0,0.0,0.0
193,"(-1.6179842, 55.095594)","(-1.6177921, 55.0955723)",-1.6179842,55.095594,-1.6177921,55.0955723,6,GAUGE 10,864,864,0,0,0.0,0.0,0.0,0.0
194,"(-2.2576319, 53.482034)","(-2.2625961, 53.4810521)",-2.2576319,53.482034,-2.2625961,53.4810521,6,GAUGE 6,5211,5208,3,0,0.0005757052389176742,0.0,0.3988388572381181,8.0
194,"(-2.2576319, 53.482034)","(-2.2625961, 53.4810521)",-2.2576319,53.482034,-2.2625961,53.4810521,6,GAUGE 10,864,859,5,0,0.005787037037037037,0.0,0.13384459866093001,4.4
195,"(-1.6033376, 52.7644041)","(-1.6031995, 52.7643184)",-1.6033376,52.7644041,-1.6031995,52.7643184,6,GAUGE 6,5211,5210,1,0,0.00019190174630589137,0.0,0.23615014677500312,0.0
195,"(-1.6033376, 52.7644041)","(-1.6031995, 52.7643184)",-1.6033376,52.7644041,-1.6031995,52.7643184,6,GAUGE 10,864,864,0,0,0.0,0.0,0.0,0.0
196,"(-2.1871517, 53.4924148)","(-2.1874341, 53.4923941)",-2.1871517,53.4924148,-2.1874341,53.4923941,6,GAUGE 6,5211,5211,0,0,0.0,0.0,0.0,0.0
196,"(-2.1871517, 53.4924148)","(-2.1874341, 53.4923941)",-2.1871517,53.4924148,-2.1874341,53.4923941,6,GAUGE 10,864,864,0,0,0.0,0.0,0.0,0.0
197,"(-0.2829741, 51.4804678)","(-0.2831428, 51.4802656)",-0.2829741,51.4804678,-0.2831428,51.4802656,6,GAUGE 6,5211,5211,0,0,0.0,0.0,0.0,0.0
197,"(-0.2829741, 51.4804678)","(-0.2831428, 51.4802656)",-0.2829741,51.4804678,-0.2831428,51.4802656,6,GAUGE 10,864,864,0,0,0.0,0.0,0.0,0.0
198,"(-0.3693012, 51.379585)","(-0.3743264, 51.3793715)",-0.3693012,51.379585,-0.3743264,51.3793715,6,GAUGE 6,5211,5211,0,0,0.0,0.0,0.0,0.0
198,"(-0.3693012, 51.379585)","(-0.3743264, 51.3793715)",-0.3693012,51.379585,-0.3743264,51.3793715,6,GAUGE 10,864,864,0,0,0.0,0.0,0.0,0.0
199,"(-2.4403447, 53.1026085)","(-2.4402705, 53.1024695)",-2.4403447,53.1026085,-2.4402705,53.1024695,6,GAUGE 6,5211,5184,27,0,0.0051813471502590676,0.0,0.014163965058163482,2.2962962962962963
199,"(-2.4403447, 53.1026085)","(-2.4402705, 53.1024695)",-2.4403447,53.1026085,-2.4402705,53.1024695,6,GAUGE 10,864,853,11,0,0.01273148148148148,0.0,0.023177397367903876,2.727272727272727
200,"(-0.2653124, 51.3361902)","(-0.2651842, 51.3363392)",-0.2653124,51.3361902,-0.2651842,51.3363392,6,GAUGE 6,5211,5204,7,0,0.0013433122241412398,0.0,1.8983577827090083,16.428571428571427
200,"(-0.2653124, 51.3361902)","(-0.2651842, 51.3363392)",-0.2653124,51.3361902,-0.2651842,51.3363392,6,GAUGE 10,864,864,0,0,0.0,0.0,0.0,0.0
201,"(-0.3477724, 51.3803844)","(-0.3481401, 51.3803573)",-0.3477724,51.3803844,-0.3481401,51.3803573,6,GAUGE 6,5211,5209,2,0,0.00038380349261178274,0.0,0.11519825669518013,6.5
201,"(-0.3477724, 51.3803844)","(-0.3481401, 51.3803573)",-0.3477724,51.3803844,-0.3481401,51.3803573,6,GAUGE 10,864,864,0,0,0.0,0.0,0.0,0.0
202,"(1.1046996, 52.076233)","(1.1047464, 52.0761006)",1.1046996,52.076233,1.1047464,52.0761006,6,GAUGE 6,5211,5209,2,0,0.00038380349261178274,0.0,0.0,9.0
202,"(1.1046996, 52.076233)","(1.1047464, 52.0761006)",1.1046996,52.076233,1.1047464,52.0761006,6,GAUGE 10,864,864,0,0,0.0,0.0,0.0,0.0
203,"(np.float64(0.7689454), np.float64(51.9715647))","(0.7688897, 51.9716784)",0.7689454,51.9715647,0.7688897,51.9716784,6,GAUGE 6,5211,5211,0,0,0.0,0.0,0.0,0.0
203,"(np.float64(0.7689454), np.float64(51.9715647))","(0.7688897, 51.9716784)",0.7689454,51.9715647,0.7688897,51.9716784,6,GAUGE 10,864,864,0,0,0.0,0.0,0.0,0.0
204,"(-4.9136755, 51.6804471)","(-4.9135001, 51.6803719)",-4.9136755,51.6804471,-4.9135001,51.6803719,6,GAUGE 6,5211,5211,0,0,0.0,0.0,0.0,0.0
204,"(-4.9136755, 51.6804471)","(-4.9135001, 51.6803719)",-4.9136755,51.6804471,-4.9135001,51.6803719,6,GAUGE 10,864,864,0,0,0.0,0.0,0.0,0.0
205,"(0.8079075, 52.2499256)","(0.807705, 52.2499337)",0.8079075,52.2499256,0.807705,52.2499337,6,GAUGE 6,5211,5210,1,0,0.00019190174630589137,0.0,9.12368820631999,4.0
205,"(0.8079075, 52.2499256)","(0.807705, 52.2499337)",0.8079075,52.2499256,0.807705,52.2499337,6,GAUGE 10,864,864,0,0,0.0,0.0,0.0,0.0
206,"(-4.6257165, 55.4508446)","(-4.6257895, 55.4510241)",-4.6257165,55.4508446,-4.6257895,55.4510241,6,GAUGE 6,5211,5208,3,0,0.0005757052389176742,0.0,37.614494167634604,149.0
206,"(-4.6257165, 55.4508446)","(-4.6257895, 55.4510241)",-4.6257165,55.4508446,-4.6257895,55.4510241,6,GAUGE 10,864,864,0,0,0.0,0.0,0.0,0.0
207,"(0.159869, 52.2000672)","(0.1599795, 52.1998989)",0.159869,52.2000672,0.1599795,52.1998989,6,GAUGE 6,5211,5210,1,0,0.00019190174630589137,0.0,9.123238175622625,3.0
207,"(0.159869, 52.2000672)","(0.1599795, 52.1998989)",0.159869,52.2000672,0.1599795,52.1998989,6,GAUGE 10,864,864,0,0,0.0,0.0,0.0,0.0
208,"(-0.4368014, 51.7024722)","(-0.4367536, 51.7023309)",-0.4368014,51.7024722,-0.4367536,51.7023309,6,GAUGE 6,5211,4782,429,0,0.08232584916522741,0.0,14.075097476910368,40.99067599067599
208,"(-0.4368014, 51.7024722)","(-0.4367536, 51.7023309)",-0.4368014,51.7024722,-0.4367536,51.7023309,6,GAUGE 10,864,864,0,0,0.0,0.0,0.0,0.0
209,"(-1.3035867, 53.3502529)","(-1.3032631, 53.3502276)",-1.3035867,53.3502529,-1.3032631,53.3502276,6,GAUGE 6,5211,5075,136,0,0.02609863749760123,0.0,0.5973344343097481,6.823529411764706
209,"(-1.3035867, 53.3502529)","(-1.3032631, 53.3502276)",-1.3035867,53.3502529,-1.3032631,53.3502276,6,GAUGE 10,864,864,0,0,0.0,0.0,0.0,0.0
210,"(-2.9511754, 53.4861759)","(-2.9510774, 53.4863211)",-2.9511754,53.4861759,-2.9510774,53.4863211,6,GAUGE 6,5211,5211,0,0,0.0,0.0,0.0,0.0
210,"(-2.9511754, 53.4861759)","(-2.9510774, 53.4863211)",-2.9511754,53.4861759,-2.9510774,53.4863211,6,GAUGE 10,864,864,0,0,0.0,0.0,0.0,0.0
211,"(-0.7336029, 52.3959509)","(-0.7332969, 52.395568)",-0.7336029,52.3959509,-0.7332969,52.395568,6,GAUGE 6,5211,5135,76,0,0.014584532719247745,0.0,6.784841446886663,22.06578947368421
211,"(-0.7336029, 52.3959509)","(-0.7332969, 52.395568)",-0.7336029,52.3959509,-0.7332969,52.395568,6,GAUGE 10,864,864,0,0,0.0,0.0,0.0,0.0
212,"(-1.5135571, 52.5560833)","(-1.5137985, 52.5561938)",-1.5135571,52.5560833,-1.5137985,52.5561938,6,GAUGE 6,5211,5211,0,0,0.0,0.0,0.0,0.0
212,"(-1.5135571, 52.5560833)","(-1.5137985, 52.5561938)",-1.5135571,52.5560833,-1.5137985,52.5561938,6,GAUGE 10,864,864,0,0,0.0,0.0,0.0,0.0
213,"(-0.5829021, 52.616926)","(-0.5826362, 52.6169436)",-0.5829021,52.616926,-0.5826362,52.6169436,6,GAUGE 6,5211,4965,246,0,0.04720782959124928,0.0,0.05499787767041133,3.8048780487804876
213,"(-0.5829021, 52.616926)","(-0.5826362, 52.6169436)",-0.5829021,52.616926,-0.5826362,52.6169436,6,GAUGE 10,864,864,0,0,0.0,0.0,0.0,0.0
214,"(-0.7220723, 51.088073)","(-0.7217327, 51.0881618)",-0.7220723,51.088073,-0.7217327,51.0881618,6,GAUGE 6,5211,5210,1,0,0.00019190174630589137,0.0,0.32864301575367705,0.0
214,"(-0.7220723, 51.088073)","(-0.7217327, 51.0881618)",-0.7220723,51.088073,-0.7217327,51.0881618,6,GAUGE 10,864,864,0,0,0.0,0.0,0.0,0.0
215,"(-0.8728579, 51.1795303)","(-0.8725655, 51.1796303)",-0.8728579,51.1795303,-0.8725655,51.1796303,5,GAUGE 6,5211,5211,0,0,0.0,0.0,0.0,0.0
215,"(-0.8728579, 51.1795303)","(-0.8725655, 51.1796303)",-0.8728579,51.1795303,-0.8725655,51.1796303,5,GAUGE 10,864,864,0,0,0.0,0.0,0.0,0.0
216,"(-0.1153694, 50.9780958)","(-0.1153251, 50.9782068)",-0.1153694,50.9780958,-0.1153251,50.9782068,5,GAUGE 6,5211,5191,20,0,0.0038380349261178275,0.0,0.24798662795108745,2.4
216,"(-0.1153694, 50.9780958)","(-0.1153251, 50.9782068)",-0.1153694,50.9780958,-0.1153251,50.9782068,5,GAUGE 10,864,864,0,0,0.0,0.0,0.0,0.0
217,"(-1.0146842, 53.4353271)","(-1.0146907, 53.4350754)",-1.0146842,53.4353271,-1.0146907,53.4350754,5,GAUGE 6,5211,5196,15,0,0.0028785261945883708,0.0,0.012820774119319367,3.0
217,"(-1.0146842, 53.4353271)","(-1.0146907, 53.4350754)",-1.0146842,53.4353271,-1.0146907,53.4350754,5,GAUGE 10,864,848,16,0,0.018518518518518517,0.0,0.012885096583524103,3.0
218,"(-1.0061638, 51.4011138)","(-1.0062021, 51.4009463)",-1.0061638,51.4011138,-1.0062021,51.4009463,5,GAUGE 6,5211,5211,0,0,0.0,0.0,0.0,0.0
218,"(-1.0061638, 51.4011138)","(-1.0062021, 51.4009463)",-1.0061638,51.4011138,-1.0062021,51.4009463,5,GAUGE 10,864,864,0,0,0.0,0.0,0.0,0.0
219,"(-1.6926405, 53.671341)","(-1.692416, 53.6713097)",-1.6926405,53.671341,-1.692416,53.6713097,5,GAUGE 6,5211,5190,21,0,0.004029936672423719,0.0,9.715503928343086,43.95238095238095
219,"(-1.6926405, 53.671341)","(-1.692416, 53.6713097)",-1.6926405,53.671341,-1.692416,53.6713097,5,GAUGE 10,864,864,0,0,0.0,0.0,0.0,0.0
220,"(-2.1919189, 53.4424208)","(-2.1919819, 53.4425597)",-2.1919189,53.4424208,-2.1919819,53.4425597,5,GAUGE 6,5211,5211,0,0,0.0,0.0,0.0,0.0
220,"(-2.1919189, 53.4424208)","(-2.1919819, 53.4425597)",-2.1919189,53.4424208,-2.1919819,53.4425597,5,GAUGE 10,864,864,0,0,0.0,0.0,0.0,0.0
221,"(-1.5813672, 54.9556487)","(-1.5811161, 54.9555915)",-1.5813672,54.9556487,-1.5811161,54.9555915,5,GAUGE 6,5211,5211,0,0,0.0,0.0,0.0,0.0
221,"(-1.5813672, 54.9556487)","(-1.5811161, 54.9555915)",-1.5813672,54.9556487,-1.5811161,54.9555915,5,GAUGE 10,864,864,0,0,0.0,0.0,0.0,0.0
222,"(-1.5849859, 53.7916115)","(-1.5855091, 53.7917708)",-1.5849859,53.7916115,-1.5855091,53.7917708,5,GAUGE 6,5211,5200,11,0,0.002110919209364805,0.0,0.8188044417731494,6.0
222,"(-1.5849859, 53.7916115)","(-1.5855091, 53.7917708)",-1.5849859,53.7916115,-1.5855091,53.7917708,5,GAUGE 10,864,864,0,0,0.0,0.0,0.0,0.0
223,"(-2.9186025, 53.1796133)","(-2.9184956, 53.179774)",-2.9186025,53.1796133,-2.9184956,53.179774,5,GAUGE 6,5211,5211,0,0,0.0,0.0,0.0,0.0
223,"(-2.9186025, 53.1796133)","(-2.9184956, 53.179774)",-2.9186025,53.1796133,-2.9184956,53.179774,5,GAUGE 10,864,864,0,0,0.0,0.0,0.0,0.0
224,"(-1.08334, 52.9626226)","(-1.0370339, 52.9853247)",-1.08334,52.9626226,-1.0370339,52.9853247,5,GAUGE 6,5211,5210,1,0,0.00019190174630589137,0.0,0.0,2.0
224,"(-1.08334, 52.9626226)","(-1.0370339, 52.9853247)",-1.08334,52.9626226,-1.0370339,52.9853247,5,GAUGE 10,864,864,0,0,0.0,0.0,0.0,0.0
225,"(-0.5418698, 51.3247192)","(-0.5420858, 51.3246333)",-0.5418698,51.3247192,-0.5420858,51.3246333,5,GAUGE 6,5211,5211,0,0,0.0,0.0,0.0,0.0
225,"(-0.5418698, 51.3247192)","(-0.5420858, 51.3246333)",-0.5418698,51.3247192,-0.5420858,51.3246333,5,GAUGE 10,864,864,0,0,0.0,0.0,0.0,0.0
226,"(-1.0859258, 52.6761892)","(-1.0860152, 52.6760381)",-1.0859258,52.6761892,-1.0860152,52.6760381,5,GAUGE 6,5211,5211,0,0,0.0,0.0,0.0,0.0
226,"(-1.0859258, 52.6761892)","(-1.0860152, 52.6760381)",-1.0859258,52.6761892,-1.0860152,52.6760381,5,GAUGE 10,864,864,0,0,0.0,0.0,0.0,0.0
227,"(-1.3305218, 54.8290854)","(-1.3304681, 54.8289227)",-1.3305218,54.8290854,-1.3304681,54.8289227,5,GAUGE 6,5211,5148,63,0,0.012089810017271158,0.0,0.018302026350384824,5.0
227,"(-1.3305218, 54.8290854)","(-1.3304681, 54.8289227)",-1.3305218,54.8290854,-1.3304681,54.8289227,5,GAUGE 10,864,864,0,0,0.0,0.0,0.0,0.0
228,"(-1.0024166, 53.1983965)","(-0.9711313, 53.202807)",-1.0024166,53.1983965,-0.9711313,53.202807,5,GAUGE 6,5211,5211,0,0,0.0,0.0,0.0,0.0
228,"(-1.0024166, 53.1983965)","(-0.9711313, 53.202807)",-1.0024166,53.1983965,-0.9711313,53.202807,5,GAUGE 10,864,864,0,0,0.0,0.0,0.0,0.0
229,"(-0.9438023, 51.0052802)","(-0.9436293, 51.005384)",-0.9438023,51.0052802,-0.9436293,51.005384,5,GAUGE 6,5211,5209,2,0,0.00038380349261178274,0.0,0.0503274300082559,16.5
229,"(-0.9438023, 51.0052802)","(-0.9436293, 51.005384)",-0.9438023,51.0052802,-0.9436293,51.005384,5,GAUGE 10,864,864,0,0,0.0,0.0,0.0,0.0
230,"(-0.9450991, 54.4672209)","(-0.9455028, 54.4671812)",-0.9450991,54.4672209,-0.9455028,54.4671812,5,GAUGE 6,5211,5211,0,0,0.0,0.0,0.0,0.0
230,"(-0.9450991, 54.4672209)","(-0.9455028, 54.4671812)",-0.9450991,54.4672209,-0.9455028,54.4671812,5,GAUGE 10,864,864,0,0,0.0,0.0,0.0,0.0
231,"(-3.221275, 56.3449376)","(-3.211506, 56.3400491)",-3.221275,56.3449376,-3.211506,56.3400491,5,GAUGE 6,5211,5206,5,0,0.0009595087315294569,0.0,14.196970450057966,4.0
231,"(-3.221275, 56.3449376)","(-3.211506, 56.3400491)",-3.221275,56.3449376,-3.211506,56.3400491,5,GAUGE 10,864,864,0,0,0.0,0.0,0.0,0.0
232,"(-1.8723292, 53.2200179)","(-1.8727335, 53.2202101)",-1.8723292,53.2200179,-1.8727335,53.2202101,5,GAUGE 6,5211,5211,0,0,0.0,0.0,0.0,0.0
232,"(-1.8723292, 53.2200179)","(-1.8727335, 53.2202101)",-1.8723292,53.2200179,-1.8727335,53.2202101,5,GAUGE 10,864,864,0,0,0.0,0.0,0.0,0.0
233,"(-4.4604696, 55.4479936)","(-4.4605264, 55.4481818)",-4.4604696,55.4479936,-4.4605264,55.4481818,5,GAUGE 6,5211,5211,0,0,0.0,0.0,0.0,0.0
233,"(-4.4604696, 55.4479936)","(-4.4605264, 55.4481818)",-4.4604696,55.4479936,-4.4605264,55.4481818,5,GAUGE 10,864,864,0,0,0.0,0.0,0.0,0.0
234,"(-2.6423341, 53.5882701)","(-2.6464906, 53.5966239)",-2.6423341,53.5882701,-2.6464906,53.5966239,5,GAUGE 6,5211,5204,7,0,0.0013433122241412398,0.0,0.10577937062548111,1.0
234,"(-2.6423341, 53.5882701)","(-2.6464906, 53.5966239)",-2.6423341,53.5882701,-2.6464906,53.5966239,5,GAUGE 10,864,859,5,0,0.005787037037037037,0.0,0.1057793706254742,1.0
235,"(-2.4726224, 53.2670945)","(-2.4723203, 53.2671373)",-2.4726224,53.2670945,-2.4723203,53.2671373,5,GAUGE 6,5211,5203,8,0,0.001535213970447131,0.0,38.76507644256394,136.75
235,"(-2.4726224, 53.2670945)","(-2.4723203, 53.2671373)",-2.4726224,53.2670945,-2.4723203,53.2671373,5,GAUGE 10,864,864,0,0,0.0,0.0,0.0,0.0
236,"(-2.1417585, 53.3015863)","(-2.1418387, 53.3014252)",-2.1417585,53.3015863,-2.1418387,53.3014252,5,GAUGE 6,5211,5209,2,0,0.00038380349261178274,0.0,0.27475173563192357,0.0
236,"(-2.1417585, 53.3015863)","(-2.1418387, 53.3014252)",-2.1417585,53.3015863,-2.1418387,53.3014252,5,GAUGE 10,864,864,0,0,0.0,0.0,0.0,0.0
237,"(-2.4265648, 52.0453445)","(-2.426381, 52.0453222)",-2.4265648,52.0453445,-2.426381,52.0453222,5,GAUGE 6,5211,5211,0,0,0.0,0.0,0.0,0.0
237,"(-2.4265648, 52.0453445)","(-2.426381, 52.0453222)",-2.4265648,52.0453445,-2.426381,52.0453222,5,GAUGE 10,864,864,0,0,0.0,0.0,0.0,0.0
238,"(-2.3695269, 54.4555141)","(-2.3692804, 54.4553275)",-2.3695269,54.4555141,-2.3692804,54.4553275,5,GAUGE 6,5211,5211,0,0,0.0,0.0,0.0,0.0
238,"(-2.3695269, 54.4555141)","(-2.3692804, 54.4553275)",-2.3695269,54.4555141,-2.3692804,54.4553275,5,GAUGE 10,864,864,0,0,0.0,0.0,0.0,0.0
239,"(-2.6422371, 53.5878612)","(-2.6423856, 53.5882612)",-2.6422371,53.5878612,-2.6423856,53.5882612,5,GAUGE 6,5211,5211,0,0,0.0,0.0,0.0,0.0
239,"(-2.6422371, 53.5878612)","(-2.6423856, 53.5882612)",-2.6422371,53.5878612,-2.6423856,53.5882612,5,GAUGE 10,864,864,0,0,0.0,0.0,0.0,0.0
240,"(-0.8390248, 51.4035521)","(-0.8391562, 51.4038365)",-0.8390248,51.4035521,-0.8391562,51.4038365,5,GAUGE 6,5211,5210,1,0,0.00019190174630589137,0.0,0.45066362819915184,3.0
240,"(-0.8390248, 51.4035521)","(-0.8391562, 51.4038365)",-0.8390248,51.4035521,-0.8391562,51.4038365,5,GAUGE 10,864,864,0,0,0.0,0.0,0.0,0.0
241,"(-0.1011965, 51.452408)","(-0.1013904, 51.4525991)",-0.1011965,51.452408,-0.1013904,51.4525991,5,GAUGE 6,5211,5209,2,0,0.00038380349261178274,0.0,0.3320703622398513,0.0
241,"(-0.1011965, 51.452408)","(-0.1013904, 51.4525991)",-0.1011965,51.452408,-0.1013904,51.4525991,5,GAUGE 10,864,864,0,0,0.0,0.0,0.0,0.0
242,"(-3.5770282, 51.5096905)","(-3.5836689, 51.5155708)",-3.5770282,51.5096905,-3.5836689,51.5155708,5,GAUGE 6,5211,5186,25,0,0.004797543657647284,0.0,18.519831049862905,93.6
242,"(-3.5770282, 51.5096905)","(-3.5836689, 51.5155708)",-3.5770282,51.5096905,-3.5836689,51.5155708,5,GAUGE 10,864,864,0,0,0.0,0.0,0.0,0.0
243,"(-3.6051892, 55.8437536)","(-3.6054, 55.8436989)",-3.6051892,55.8437536,-3.6054,55.8436989,5,GAUGE 6,5211,5200,11,0,0.002110919209364805,0.0,10.598779850170896,47.63636363636363
243,"(-3.6051892, 55.8437536)","(-3.6054, 55.8436989)",-3.6051892,55.8437536,-3.6054,55.8436989,5,GAUGE 10,864,852,12,0,0.013888888888888888,0.0,8.543377265260615,33.666666666666664
244,"(-1.5969255, 52.2868521)","(-1.5972425, 52.2868462)",-1.5969255,52.2868521,-1.5972425,52.2868462,5,GAUGE 6,5211,5188,23,0,0.004413740165035502,0.0,0.0048004280713095804,6.6521739130434785
244,"(-1.5969255, 52.2868521)","(-1.5972425, 52.2868462)",-1.5969255,52.2868521,-1.5972425,52.2868462,5,GAUGE 10,864,864,0,0,0.0,0.0,0.0,0.0
245,"(-3.6332906, 56.3164905)","(-3.675273, 56.2948169)",-3.6332906,56.3164905,-3.675273,56.2948169,5,GAUGE 6,5211,5211,0,0,0.0,0.0,0.0,0.0
245,"(-3.6332906, 56.3164905)","(-3.675273, 56.2948169)",-3.6332906,56.3164905,-3.675273,56.2948169,5,GAUGE 10,864,864,0,0,0.0,0.0,0.0,0.0
246,"(-3.5967732, 55.0688268)","(-3.597028, 55.0688493)",-3.5967732,55.0688268,-3.597028,55.0688493,5,GAUGE 6,5211,5211,0,0,0.0,0.0,0.0,0.0
246,"(-3.5967732, 55.0688268)","(-3.597028, 55.0688493)",-3.5967732,55.0688268,-3.597028,55.0688493,5,GAUGE 10,864,864,0,0,0.0,0.0,0.0,0.0
247,"(-2.7253315, 53.4649392)","(-2.7254561, 53.4648711)",-2.7253315,53.4649392,-2.7254561,53.4648711,5,GAUGE 6,5211,5211,0,0,0.0,0.0,0.0,0.0
247,"(-2.7253315, 53.4649392)","(-2.7254561, 53.4648711)",-2.7253315,53.4649392,-2.7254561,53.4648711,5,GAUGE 10,864,864,0,0,0.0,0.0,0.0,0.0
248,"(-0.3903665, 51.3767362)","(-0.3899369, 51.3768059)",-0.3903665,51.3767362,-0.3899369,51.3768059,5,GAUGE 6,5211,5211,0,0,0.0,0.0,0.0,0.0
248,"(-0.3903665, 51.3767362)","(-0.3899369, 51.3768059)",-0.3903665,51.3767362,-0.3899369,51.3768059,5,GAUGE 10,864,864,0,0,0.0,0.0,0.0,0.0
249,"(0.300728, 51.0780955)","(0.300841, 51.0779788)",0.300728,51.0780955,0.300841,51.0779788,5,GAUGE 6,5211,5211,0,0,0.0,0.0,0.0,0.0
249,"(0.300728, 51.0780955)","(0.300841, 51.0779788)",0.300728,51.0780955,0.300841,51.0779788,5,GAUGE 10,864,864,0,0,0.0,0.0,0.0,0.0
250,"(-2.1338428, 52.989431)","(-2.136584, 52.9898634)",-2.1338428,52.989431,-2.136584,52.9898634,5,GAUGE 6,5211,5211,0,0,0.0,0.0,0.0,0.0
250,"(-2.1338428, 52.989431)","(-2.136584, 52.9898634)",-2.1338428,52.989431,-2.136584,52.9898634,5,GAUGE 10,864,864,0,0,0.0,0.0,0.0,0.0
251,"(0.6159429, 51.3645837)","(0.6162632, 51.3644726)",0.6159429,51.3645837,0.6162632,51.3644726,5,GAUGE 6,5211,5208,3,0,0.0005757052389176742,0.0,20.378608677409897,93.66666666666667
251,"(0.6159429, 51.3645837)","(0.6162632, 51.3644726)",0.6159429,51.3645837,0.6162632,51.3644726,5,GAUGE 10,864,864,0,0,0.0,0.0,0.0,0.0
252,"(-2.0191663, 53.954288)","(-2.0201527, 53.9544672)",-2.0191663,53.954288,-2.0201527,53.9544672,5,GAUGE 6,5211,5211,0,0,0.0,0.0,0.0,0.0
252,"(-2.0191663, 53.954288)","(-2.0201527, 53.9544672)",-2.0191663,53.954288,-2.0201527,53.9544672,5,GAUGE 10,864,864,0,0,0.0,0.0,0.0,0.0
253,"(0.701103, 51.5826344)","(0.7014023, 51.5823585)",0.701103,51.5826344,0.7014023,51.5823585,5,GAUGE 6,5211,5210,0,1,0.0,0.00019190174630589137,0.0,0.0
253,"(0.701103, 51.5826344)","(0.7014023, 51.5823585)",0.701103,51.5826344,0.7014023,51.5823585,5,GAUGE 10,864,864,0,0,0.0,0.0,0.0,0.0
254,"(0.6818707, 51.2420446)","(0.6811783, 51.2422619)",0.6818707,51.2420446,0.6811783,51.2422619,5,GAUGE 6,5211,5211,0,0,0.0,0.0,0.0,0.0
254,"(0.6818707, 51.2420446)","(0.6811783, 51.2422619)",0.6818707,51.2420446,0.6811783,51.2422619,5,GAUGE 10,864,864,0,0,0.0,0.0,0.0,0.0
255,"(0.6600542, 51.6034312)","(0.6603204, 51.6033773)",0.6600542,51.6034312,0.6603204,51.6033773,5,GAUGE 6,5211,5210,0,1,0.0,0.00019190174630589137,0.0,0.0
255,"(0.6600542, 51.6034312)","(0.6603204, 51.6033773)",0.6600542,51.6034312,0.6603204,51.6033773,5,GAUGE 10,864,864,0,0,0.0,0.0,0.0,0.0
256,"(0.9917516, 51.3443741)","(0.9918567, 51.344421)",0.9917516,51.3443741,0.9918567,51.344421,5,GAUGE 6,5211,5208,3,0,0.0005757052389176742,0.0,0.0,3.0
256,"(0.9917516, 51.3443741)","(0.9918567, 51.344421)",0.9917516,51.3443741,0.9918567,51.344421,5,GAUGE 10,864,864,0,0,0.0,0.0,0.0,0.0
257,"(-4.261096, 55.8508496)","(-4.2609012, 55.8510013)",-4.261096,55.8508496,-4.2609012,55.8510013,5,GAUGE 6,5211,5208,3,0,0.0005757052389176742,0.0,1.4881148674270481,4.0
257,"(-4.261096, 55.8508496)","(-4.2609012, 55.8510013)",-4.261096,55.8508496,-4.2609012,55.8510013,5,GAUGE 10,864,864,0,0,0.0,0.0,0.0,0.0
258,"(-1.483274, 53.3540718)","(-1.4834767, 53.3539028)",-1.483274,53.3540718,-1.4834767,53.3539028,5,GAUGE 6,5211,5208,3,0,0.0005757052389176742,0.0,0.0,2.0
258,"(-1.483274, 53.3540718)","(-1.4834767, 53.3539028)",-1.483274,53.3540718,-1.4834767,53.3539028,5,GAUGE 10,864,864,0,0,0.0,0.0,0.0,0.0
259,"(-0.8089212, 51.7554705)","(-0.808911, 51.7553504)",-0.8089212,51.7554705,-0.808911,51.7553504,5,GAUGE 6,5211,5206,0,5,0.0,0.0009595087315294569,0.0,0.0
259,"(-0.8089212, 51.7554705)","(-0.808911, 51.7553504)",-0.8089212,51.7554705,-0.808911,51.7553504,5,GAUGE 10,864,864,0,0,0.0,0.0,0.0,0.0
260,"(-1.4856307, 50.9911432)","(-1.4859325, 50.9911584)",-1.4856307,50.9911432,-1.4859325,50.9911584,5,GAUGE 6,5211,5211,0,0,0.0,0.0,0.0,0.0
260,"(-1.4856307, 50.9911432)","(-1.4859325, 50.9911584)",-1.4856307,50.9911432,-1.4859325,50.9911584,5,GAUGE 10,864,864,0,0,0.0,0.0,0.0,0.0
261,"(-1.5020266, 53.7674971)","(-1.5025563, 53.7676126)",-1.5020266,53.7674971,-1.5025563,53.7676126,5,GAUGE 6,5211,5180,31,0,0.005948954135482633,0.0,9.494784849119528,7.67741935483871
261,"(-1.5020266, 53.7674971)","(-1.5025563, 53.7676126)",-1.5020266,53.7674971,-1.5025563,53.7676126,5,GAUGE 10,864,864,0,0,0.0,0.0,0.0,0.0
262,"(-1.5029209, 54.6491921)","(-1.503007, 54.6489274)",-1.5029209,54.6491921,-1.503007,54.6489274,5,GAUGE 6,5211,5185,26,0,0.004989445403953176,0.0,25.869371905815555,101.15384615384616
262,"(-1.5029209, 54.6491921)","(-1.503007, 54.6489274)",-1.5029209,54.6491921,-1.503007,54.6489274,5,GAUGE 10,864,852,12,0,0.013888888888888888,0.0,26.904132724932435,105.0
263,"(-0.0555638, 51.4038756)","(-0.0552649, 51.4040217)",-0.0555638,51.4038756,-0.0552649,51.4040217,5,GAUGE 6,5211,5211,0,0,0.0,0.0,0.0,0.0
263,"(-0.0555638, 51.4038756)","(-0.0552649, 51.4040217)",-0.0555638,51.4038756,-0.0552649,51.4040217,5,GAUGE 10,864,864,0,0,0.0,0.0,0.0,0.0
264,"(-3.3611316, 51.6078302)","(-3.3609959, 51.6077866)",-3.3611316,51.6078302,-3.3609959,51.6077866,5,GAUGE 6,5211,5211,0,0,0.0,0.0,0.0,0.0
264,"(-3.3611316, 51.6078302)","(-3.3609959, 51.6077866)",-3.3611316,51.6078302,-3.3609959,51.6077866,5,GAUGE 10,864,864,0,0,0.0,0.0,0.0,0.0
265,"(-0.5517418, 51.2474796)","(-0.5522525, 51.2471507)",-0.5517418,51.2474796,-0.5522525,51.2471507,5,GAUGE 6,5211,5211,0,0,0.0,0.0,0.0,0.0
265,"(-0.5517418, 51.2474796)","(-0.5522525, 51.2471507)",-0.5517418,51.2474796,-0.5522525,51.2471507,5,GAUGE 10,864,864,0,0,0.0,0.0,0.0,0.0
266,"(-1.5288088, 53.5865956)","(-1.5286344, 53.5864871)",-1.5288088,53.5865956,-1.5286344,53.5864871,5,GAUGE 6,5211,5211,0,0,0.0,0.0,0.0,0.0
266,"(-1.5288088, 53.5865956)","(-1.5286344, 53.5864871)",-1.5288088,53.5865956,-1.5286344,53.5864871,5,GAUGE 10,864,864,0,0,0.0,0.0,0.0,0.0
267,"(-2.7996221, 54.0366225)","(-2.7995326, 54.0364989)",-2.7996221,54.0366225,-2.7995326,54.0364989,5,GAUGE 6,5211,5206,5,0,0.0009595087315294569,0.0,0.6783721743092898,6.0
267,"(-2.7996221, 54.0366225)","(-2.7995326, 54.0364989)",-2.7996221,54.0366225,-2.7995326,54.0364989,5,GAUGE 10,864,860,4,0,0.004629629629629629,0.0,0.6774642011992018,6.0
268,"(-2.7132844, 56.4992026)","(-2.7131261, 56.4992324)",-2.7132844,56.4992026,-2.7131261,56.4992324,5,GAUGE 6,5211,5211,0,0,0.0,0.0,0.0,0.0
268,"(-2.7132844, 56.4992026)","(-2.7131261, 56.4992324)",-2.7132844,56.4992026,-2.7131261,56.4992324,5,GAUGE 10,864,864,0,0,0.0,0.0,0.0,0.0
269,"(-0.3199319, 51.7380611)","(-0.3199952, 51.7381848)",-0.3199319,51.7380611,-0.3199952,51.7381848,5,GAUGE 6,5211,5211,0,0,0.0,0.0,0.0,0.0
269,"(-0.3199319, 51.7380611)","(-0.3199952, 51.7381848)",-0.3199319,51.7380611,-0.3199952,51.7381848,5,GAUGE 10,864,864,0,0,0.0,0.0,0.0,0.0
270,"(-0.2724902, 51.3332171)","(-0.2721214, 51.3333733)",-0.2724902,51.3332171,-0.2721214,51.3333733,5,GAUGE 6,5211,5209,2,0,0.00038380349261178274,0.0,0.13447720572978028,1.0
270,"(-0.2724902, 51.3332171)","(-0.2721214, 51.3333733)",-0.2724902,51.3332171,-0.2721214,51.3333733,5,GAUGE 10,864,864,0,0,0.0,0.0,0.0,0.0
271,"(-0.2713539, 51.9768973)","(-0.2713393, 51.9770098)",-0.2713539,51.9768973,-0.2713393,51.9770098,5,GAUGE 6,5211,5173,38,0,0.007292266359623873,0.0,2.3547779866368344e-06,3.0
271,"(-0.2713539, 51.9768973)","(-0.2713393, 51.9770098)",-0.2713539,51.9768973,-0.2713393,51.9770098,5,GAUGE 10,864,864,0,0,0.0,0.0,0.0,0.0
272,"(-0.6769235, 51.1162639)","(-0.6765185, 51.1163479)",-0.6769235,51.1162639,-0.6765185,51.1163479,5,GAUGE 6,5211,5210,1,0,0.00019190174630589137,0.0,0.32864301575367705,0.0
272,"(-0.6769235, 51.1162639)","(-0.6765185, 51.1163479)",-0.6769235,51.1162639,-0.6765185,51.1163479,5,GAUGE 10,864,864,0,0,0.0,0.0,0.0,0.0
273,"(-0.564163, 51.3974731)","(-0.5640011, 51.3977281)",-0.564163,51.3974731,-0.5640011,51.3977281,5,GAUGE 6,5211,5171,40,0,0.007676069852235655,0.0,19.708980895391996,104.125
273,"(-0.564163, 51.3974731)","(-0.5640011, 51.3977281)",-0.564163,51.3974731,-0.5640011,51.3977281,5,GAUGE 10,864,864,0,0,0.0,0.0,0.0,0.0
274,"(-3.856176, 57.2937273)","(-3.8558385, 57.2936762)",-3.856176,57.2937273,-3.8558385,57.2936762,5,GAUGE 6,5211,5211,0,0,0.0,0.0,0.0,0.0
274,"(-3.856176, 57.2937273)","(-3.8558385, 57.2936762)",-3.856176,57.2937273,-3.8558385,57.2936762,5,GAUGE 10,864,864,0,0,0.0,0.0,0.0,0.0
275,"(0.3475286, 51.2972932)","(0.3481203, 51.2972848)",0.3475286,51.2972932,0.3481203,51.2972848,5,GAUGE 6,5211,5211,0,0,0.0,0.0,0.0,0.0
275,"(0.3475286, 51.2972932)","(0.3481203, 51.2972848)",0.3475286,51.2972932,0.3481203,51.2972848,5,GAUGE 10,864,864,0,0,0.0,0.0,0.0,0.0
276,"(-1.7747469, 52.5228419)","(-1.7748633, 52.5229118)",-1.7747469,52.5228419,-1.7748633,52.5229118,5,GAUGE 6,5211,5211,0,0,0.0,0.0,0.0,0.0
276,"(-1.7747469, 52.5228419)","(-1.7748633, 52.5229118)",-1.7747469,52.5228419,-1.7748633,52.5229118,5,GAUGE 10,864,864,0,0,0.0,0.0,0.0,0.0
277,"(-0.7723848, 53.4166758)","(-0.7725153, 53.4164981)",-0.7723848,53.4166758,-0.7725153,53.4164981,4,GAUGE 6,5211,5210,1,0,0.00019190174630589137,0.0,2.3557726922711275,24.0
277,"(-0.7723848, 53.4166758)","(-0.7725153, 53.4164981)",-0.7723848,53.4166758,-0.7725153,53.4164981,4,GAUGE 10,864,864,0,0,0.0,0.0,0.0,0.0
278,"(-0.843361, 51.7211288)","(-0.8434567, 51.7210162)",-0.843361,51.7211288,-0.8434567,51.7210162,4,GAUGE 6,5211,5206,0,5,0.0,0.0009595087315294569,0.0,0.0
278,"(-0.843361, 51.7211288)","(-0.8434567, 51.7210162)",-0.843361,51.7211288,-0.8434567,51.7210162,4,GAUGE 10,864,864,0,0,0.0,0.0,0.0,0.0
279,"(-0.8627877, 51.8330998)","(-0.8626196, 51.8329745)",-0.8627877,51.8330998,-0.8626196,51.8329745,4,GAUGE 6,5211,5211,0,0,0.0,0.0,0.0,0.0
279,"(-0.8627877, 51.8330998)","(-0.8626196, 51.8329745)",-0.8627877,51.8330998,-0.8626196,51.8329745,4,GAUGE 10,864,864,0,0,0.0,0.0,0.0,0.0
280,"(-0.0922274, 51.7994442)","(-0.0922253, 51.7996874)",-0.0922274,51.7994442,-0.0922253,51.7996874,4,GAUGE 6,5211,5210,1,0,0.00019190174630589137,0.0,0.006437385289743247,2.0
280,"(-0.0922274, 51.7994442)","(-0.0922253, 51.7996874)",-0.0922274,51.7994442,-0.0922253,51.7996874,4,GAUGE 10,864,860,4,0,0.004629629629629629,0.0,7.700313482644377,32.0
281,"(-0.0960466, 51.3500499)","(-0.0959141, 51.3502438)",-0.0960466,51.3500499,-0.0959141,51.3502438,4,GAUGE 6,5211,5207,4,0,0.0007676069852235655,0.0,0.887740813513954,5.0
281,"(-0.0960466, 51.3500499)","(-0.0959141, 51.3502438)",-0.0960466,51.3500499,-0.0959141,51.3502438,4,GAUGE 10,864,864,0,0,0.0,0.0,0.0,0.0
282,"(-0.142753, 51.4731225)","(-0.1460757, 51.4737772)",-0.142753,51.4731225,-0.1460757,51.4737772,4,GAUGE 6,5211,5200,11,0,0.002110919209364805,0.0,1.622976991059396,7.454545454545454
282,"(-0.142753, 51.4731225)","(-0.1460757, 51.4737772)",-0.142753,51.4731225,-0.1460757,51.4737772,4,GAUGE 10,864,864,0,0,0.0,0.0,0.0,0.0
283,"(-0.1109957, 51.0301946)","(-0.110869, 51.0299262)",-0.1109957,51.0301946,-0.110869,51.0299262,4,GAUGE 6,5211,5191,20,0,0.0038380349261178275,0.0,7.726808253136963,24.3
283,"(-0.1109957, 51.0301946)","(-0.110869, 51.0299262)",-0.1109957,51.0301946,-0.110869,51.0299262,4,GAUGE 10,864,864,0,0,0.0,0.0,0.0,0.0
284,"(-0.1414028, 50.8305904)","(-0.1410108, 50.8291176)",-0.1414028,50.8305904,-0.1410108,50.8291176,4,GAUGE 6,5211,5211,0,0,0.0,0.0,0.0,0.0
284,"(-0.1414028, 50.8305904)","(-0.1410108, 50.8291176)",-0.1414028,50.8305904,-0.1410108,50.8291176,4,GAUGE 10,864,864,0,0,0.0,0.0,0.0,0.0
285,"(-3.2116228, 54.1103514)","(-3.2098953, 54.1096586)",-3.2116228,54.1103514,-3.2098953,54.1096586,4,GAUGE 6,5211,5208,3,0,0.0005757052389176742,0.0,0.026391742180152278,9.0
285,"(-3.2116228, 54.1103514)","(-3.2098953, 54.1096586)",-3.2116228,54.1103514,-3.2098953,54.1096586,4,GAUGE 10,864,864,0,0,0.0,0.0,0.0,0.0
286,"(-0.0642758, 51.5235147)","(-0.0588033, 51.5238093)",-0.0642758,51.5235147,-0.0588033,51.5238093,4,GAUGE 6,5211,5210,1,0,0.00019190174630589137,0.0,2.3111457346955433,0.0
286,"(-0.0642758, 51.5235147)","(-0.0588033, 51.5238093)",-0.0642758,51.5235147,-0.0588033,51.5238093,4,GAUGE 10,864,864,0,0,0.0,0.0,0.0,0.0
287,"(-0.0468821, 51.4131054)","(-0.046694, 51.4129921)",-0.0468821,51.4131054,-0.046694,51.4129921,4,GAUGE 6,5211,5211,0,0,0.0,0.0,0.0,0.0
287,"(-0.0468821, 51.4131054)","(-0.046694, 51.4129921)",-0.0468821,51.4131054,-0.046694,51.4129921,4,GAUGE 10,864,864,0,0,0.0,0.0,0.0,0.0
288,"(-2.6222908, 53.5401941)","(-2.6220917, 53.5401697)",-2.6222908,53.5401941,-2.6220917,53.5401697,4,GAUGE 6,5211,5177,34,0,0.006524659374400307,0.0,0.09519701314122762,2.0
288,"(-2.6222908, 53.5401941)","(-2.6220917, 53.5401697)",-2.6222908,53.5401941,-2.6220917,53.5401697,4,GAUGE 10,864,864,0,0,0.0,0.0,0.0,0.0
289,"(-2.6652959, 52.0800017)","(-2.6655299, 52.0800215)",-2.6652959,52.0800017,-2.6655299,52.0800215,4,GAUGE 6,5211,5195,16,0,0.003070427940894262,0.0,0.975002889648648,0.0
289,"(-2.6652959, 52.0800017)","(-2.6655299, 52.0800215)",-2.6652959,52.0800017,-2.6655299,52.0800215,4,GAUGE 10,864,864,0,0,0.0,0.0,0.0,0.0
290,"(-2.133908, 52.4492911)","(-2.1339197, 52.4491455)",-2.133908,52.4492911,-2.1339197,52.4491455,4,GAUGE 6,5211,5208,3,0,0.0005757052389176742,0.0,11.417059336322184,21.666666666666668
290,"(-2.133908, 52.4492911)","(-2.1339197, 52.4491455)",-2.133908,52.4492911,-2.1339197,52.4491455,4,GAUGE 10,864,864,0,0,0.0,0.0,0.0,0.0
291,"(-1.8468024, 52.4073684)","(-1.8467323, 52.4072461)",-1.8468024,52.4073684,-1.8467323,52.4072461,4,GAUGE 6,5211,5211,0,0,0.0,0.0,0.0,0.0
291,"(-1.8468024, 52.4073684)","(-1.8467323, 52.4072461)",-1.8468024,52.4073684,-1.8467323,52.4072461,4,GAUGE 10,864,864,0,0,0.0,0.0,0.0,0.0
292,"(-4.0310187, 55.8612253)","(-4.0307593, 55.8609672)",-4.0310187,55.8612253,-4.0307593,55.8609672,4,GAUGE 6,5211,5112,99,0,0.018998272884283247,0.0,0.7820308510810033,1.303030303030303
292,"(-4.0310187, 55.8612253)","(-4.0307593, 55.8609672)",-4.0310187,55.8612253,-4.0307593,55.8609672,4,GAUGE 10,864,784,80,0,0.09259259259259259,0.0,0.41409823360746145,0.9875
293,"(0.4899213, 51.1756273)","(0.4902293, 51.1756061)",0.4899213,51.1756273,0.4902293,51.1756061,4,GAUGE 6,5211,5207,4,0,0.0007676069852235655,0.0,0.28987642474819353,0.0
293,"(0.4899213, 51.1756273)","(0.4902293, 51.1756061)",0.4899213,51.1756273,0.4902293,51.1756061,4,GAUGE 10,864,864,0,0,0.0,0.0,0.0,0.0
294,"(-4.0257495, 55.8171093)","(-4.0263047, 55.8171304)",-4.0257495,55.8171093,-4.0263047,55.8171304,4,GAUGE 6,5211,5211,0,0,0.0,0.0,0.0,0.0
294,"(-4.0257495, 55.8171093)","(-4.0263047, 55.8171304)",-4.0257495,55.8171093,-4.0263047,55.8171304,4,GAUGE 10,864,864,0,0,0.0,0.0,0.0,0.0
295,"(0.7329274, 51.3424551)","(0.733104, 51.3424235)",0.7329274,51.3424551,0.733104,51.3424235,4,GAUGE 6,5211,5211,0,0,0.0,0.0,0.0,0.0
295,"(0.7329274, 51.3424551)","(0.733104, 51.3424235)",0.7329274,51.3424551,0.733104,51.3424235,4,GAUGE 10,864,864,0,0,0.0,0.0,0.0,0.0
296,"(0.6695096, 51.3533645)","(0.6699179, 51.3533316)",0.6695096,51.3533645,0.6699179,51.3533316,4,GAUGE 6,5211,5187,24,0,0.004605641911341394,0.0,1.1958099701249603,8.041666666666666
296,"(0.6695096, 51.3533645)","(0.6699179, 51.3533316)",0.6695096,51.3533645,0.6699179,51.3533316,4,GAUGE 10,864,864,0,0,0.0,0.0,0.0,0.0
297,"(-4.3206849, 55.8963625)","(-4.3204566, 55.8962044)",-4.3206849,55.8963625,-4.3204566,55.8962044,4,GAUGE 6,5211,5210,1,0,0.00019190174630589137,0.0,0.014180306153509292,2.0
297,"(-4.3206849, 55.8963625)","(-4.3204566, 55.8962044)",-4.3206849,55.8963625,-4.3204566,55.8962044,4,GAUGE 10,864,864,0,0,0.0,0.0,0.0,0.0
298,"(-4.4310297, 55.8483308)","(-4.4317282, 55.8485106)",-4.4310297,55.8483308,-4.4317282,55.8485106,4,GAUGE 6,5211,5211,0,0,0.0,0.0,0.0,0.0
298,"(-4.4310297, 55.8483308)","(-4.4317282, 55.8485106)",-4.4310297,55.8483308,-4.4317282,55.8485106,4,GAUGE 10,864,864,0,0,0.0,0.0,0.0,0.0
299,"(0.4701462, 51.4428825)","(0.4521994, 51.4382123)",0.4701462,51.4428825,0.4521994,51.4382123,4,GAUGE 6,5211,5211,0,0,0.0,0.0,0.0,0.0
299,"(0.4701462, 51.4428825)","(0.4521994, 51.4382123)",0.4701462,51.4428825,0.4521994,51.4382123,4,GAUGE 10,864,864,0,0,0.0,0.0,0.0,0.0
300,"(-2.0046827, 52.8170059)","(-2.0047604, 52.8172473)",-2.0046827,52.8170059,-2.0047604,52.8172473,4,GAUGE 6,5211,5182,29,0,0.00556515064287085,0.0,0.45623563748460033,2.1379310344827585
300,"(-2.0046827, 52.8170059)","(-2.0047604, 52.8172473)",-2.0046827,52.8170059,-2.0047604,52.8172473,4,GAUGE 10,864,841,23,0,0.02662037037037037,0.0,0.5229927514781785,2.6956521739130435
